Date,Temp,Rain
1/1/81,20.7,0
1/2/81,17.9,0
1/3/81,18.8,78
1/4/81,14.6,22
1/5/81,15.8,2
1/6/81,15.8,0
1/7/81,15.8,0
1/8/81,17.4,0
1/9/81,21.8,0
1/10/81,20,10
1/11/81,16.2,0
1/12/81,13.3,108
1/13/81,16.7,328
1/14/81,21.5,10
1/15/81,25,0
1/16/81,20.7,6
1/17/81,20.6,0
1/18/81,24.8,28
1/19/81,17.7,0
1/20/81,15.5,0
1/21/81,18.2,0
1/22/81,12.1,0
1/23/81,14.4,0
1/24/81,16,0
1/25/81,16.5,32
1/26/81,18.7,0
1/27/81,19.4,2
1/28/81,17.2,0
1/29/81,15.5,2
1/30/81,15.1,0
1/31/81,15.4,0
2/1/81,15.3,0
2/2/81,18.8,118
2/3/81,21.9,0
2/4/81,19.9,0
2/5/81,16.6,0
2/6/81,16.8,12
2/7/81,14.6,0
2/8/81,17.1,0
2/9/81,25,46
2/10/81,15,4
2/11/81,13.7,0
2/12/81,13.9,0
2/13/81,18.3,0
2/14/81,22,0
2/15/81,22.1,0
2/16/81,21.2,0
2/17/81,18.4,0
2/18/81,16.6,0
2/19/81,16.1,0
2/20/81,15.7,0
2/21/81,16.6,4
2/22/81,16.5,16
2/23/81,14.4,0
2/24/81,14.4,0
2/25/81,18.5,2
2/26/81,16.9,0
2/27/81,17.5,0
2/28/81,21.2,0
3/1/81,17.8,0
3/2/81,18.6,0
3/3/81,17,0
3/4/81,16,0
3/5/81,13.3,0
3/6/81,14.3,0
3/7/81,11.4,0
3/8/81,16.3,0
3/9/81,16.1,106
3/10/81,11.8,10
3/11/81,12.2,0
3/12/81,14.7,0
3/13/81,11.8,0
3/14/81,11.3,0
3/15/81,10.6,32
3/16/81,11.7,0
3/17/81,14.2,0
3/18/81,11.2,0
3/19/81,16.9,0
3/20/81,16.7,0
3/21/81,8.1,0
3/22/81,8,0
3/23/81,8.8,0
3/24/81,13.4,0
3/25/81,10.9,0
3/26/81,13.4,2
3/27/81,11,0
3/28/81,15,6
3/29/81,15.7,0
3/30/81,14.5,0
3/31/81,15.8,0
4/1/81,16.7,2
4/2/81,16.8,12
4/3/81,17.5,0
4/4/81,17.1,0
4/5/81,18.1,0
4/6/81,16.6,0
4/7/81,10,0
4/8/81,14.9,6
4/9/81,15.9,0
4/10/81,13,0
4/11/81,7.6,0
4/12/81,11.5,0
4/13/81,13.5,0
4/14/81,13,0
4/15/81,13.3,0
4/16/81,12.1,0
4/17/81,12.4,48
4/18/81,13.2,16
4/19/81,13.8,0
4/20/81,10.6,18
4/21/81,9,18
4/22/81,10,0
4/23/81,9.8,26
4/24/81,11.5,330
4/25/81,8.9,190
4/26/81,7.4,0
4/27/81,9.9,0
4/28/81,9.3,6
4/29/81,9.9,0
4/30/81,7.4,0
5/1/81,8.6,92
5/2/81,11.9,4
5/3/81,14,0
5/4/81,8.6,0
5/5/81,10,0
5/6/81,13.5,0
5/7/81,12,0
5/8/81,10.5,24
5/9/81,10.7,38
5/10/81,8.1,0
5/11/81,10.1,0
5/12/81,10.6,52
5/13/81,5.3,6
5/14/81,6.6,6
5/15/81,8.5,0
5/16/81,11.2,0
5/17/81,9.8,0
5/18/81,5.9,86
5/19/81,3.2,0
5/20/81,2.1,0
5/21/81,3.4,358
5/22/81,5.4,0
5/23/81,9.6,0
5/24/81,11.5,0
5/25/81,12.3,24
5/26/81,12.6,2
5/27/81,11,0
5/28/81,11.2,0
5/29/81,11.4,0
5/30/81,11.8,0
5/31/81,12.8,26
6/1/81,11.6,2
6/2/81,10.6,0
6/3/81,9.8,24
6/4/81,11.2,0
6/5/81,5.7,42
6/6/81,7.1,30
6/7/81,2.5,4
6/8/81,3.5,0
6/9/81,4.6,0
6/10/81,11,6
6/11/81,5.7,118
6/12/81,7.7,102
6/13/81,10.4,14
6/14/81,11.4,4
6/15/81,9.2,0
6/16/81,6.1,0
6/17/81,2.7,2
6/18/81,4.3,38
6/19/81,6.3,56
6/20/81,3.8,2
6/21/81,4.4,26
6/22/81,7.1,6
6/23/81,4.8,0
6/24/81,5.8,0
6/25/81,6.2,0
6/26/81,7.3,0
6/27/81,9.2,0
6/28/81,10.2,0
6/29/81,9.5,70
6/30/81,9.5,82
7/1/81,10.7,244
7/2/81,10,6
7/3/81,6.5,30
7/4/81,7,4
7/5/81,7.4,142
7/6/81,8.1,2
7/7/81,6.6,4
7/8/81,8.3,0
7/9/81,8.9,4
7/10/81,4.6,38
7/11/81,6.8,26
7/12/81,5.7,0
7/13/81,6.1,0
7/14/81,7,0
7/15/81,7.2,6
7/16/81,6.3,0
7/17/81,8.8,0
7/18/81,5,0
7/19/81,7.4,14
7/20/81,10.1,6
7/21/81,12,0
7/22/81,9,28
7/23/81,8.9,4
7/24/81,9.8,0
7/25/81,9,0
7/26/81,9.2,0
7/27/81,7.7,0
7/28/81,8,0
7/29/81,6.1,2
7/30/81,3.5,0
7/31/81,3.2,4
8/1/81,5.7,18
8/2/81,7.7,0
8/3/81,9,2
8/4/81,10,50
8/5/81,6.2,12
8/6/81,6.9,0
8/7/81,6.5,0
8/8/81,6.8,28
8/9/81,7,4
8/10/81,5.2,0
8/11/81,3,0
8/12/81,5.6,0
8/13/81,7.9,6
8/14/81,9,36
8/15/81,8.6,0
8/16/81,10.3,118
8/17/81,10.5,34
8/18/81,7.6,0
8/19/81,9.7,0
8/20/81,12.5,0
8/21/81,7.4,4
8/22/81,7.9,112
8/23/81,3.9,0
8/24/81,6.6,0
8/25/81,4.6,0
8/26/81,7,12
8/27/81,6,36
8/28/81,5.5,0
8/29/81,8.1,0
8/30/81,5.5,0
8/31/81,6.2,6
9/1/81,8,8
9/2/81,10.3,6
9/3/81,9.8,34
9/4/81,9.6,18
9/5/81,8.5,0
9/6/81,7.5,0
9/7/81,11.2,0
9/8/81,14.6,0
9/9/81,11.7,0
9/10/81,7.8,48
9/11/81,12.3,82
9/12/81,10.1,0
9/13/81,11.5,6
9/14/81,7.3,0
9/15/81,10.9,0
9/16/81,14.1,34
9/17/81,10.7,16
9/18/81,16.9,4
9/19/81,10.5,2
9/20/81,6.5,10
9/21/81,11,14
9/22/81,6.3,0
9/23/81,10.5,0
9/24/81,7.2,0
9/25/81,7.6,0
9/26/81,10.7,0
9/27/81,7.8,0
9/28/81,9.6,0
9/29/81,11.4,0
9/30/81,12.4,0
10/1/81,8.9,0
10/2/81,13.2,0
10/3/81,8.6,0
10/4/81,6.2,0
10/5/81,11.4,0
10/6/81,13.2,0
10/7/81,14.3,38
10/8/81,7.3,152
10/9/81,12.9,20
10/10/81,7.8,4
10/11/81,6.2,46
10/12/81,5.6,0
10/13/81,10,100
10/14/81,13.3,146
10/15/81,8.3,2
10/16/81,10.2,0
10/17/81,8.6,4
10/18/81,7.3,0
10/19/81,10.4,0
10/20/81,11.2,46
10/21/81,13.2,78
10/22/81,11.4,50
10/23/81,9.1,0
10/24/81,6.6,0
10/25/81,8.4,180
10/26/81,9.7,0
10/27/81,13.2,0
10/28/81,12.5,0
10/29/81,11,80
10/30/81,11,0
10/31/81,11.7,2
11/1/81,9.2,12
11/2/81,11.5,16
11/3/81,13.6,78
11/4/81,13.7,80
11/5/81,10.4,0
11/6/81,11.5,22
11/7/81,7.6,52
11/8/81,9.6,14
11/9/81,14.2,28
11/10/81,15.7,2
11/11/81,10.5,0
11/12/81,10.5,0
11/13/81,9.7,0
11/14/81,9.5,0
11/15/81,11.3,4
11/16/81,8.9,0
11/17/81,9.4,0
11/18/81,11.9,0
11/19/81,11.7,0
11/20/81,13.4,140
11/21/81,12.6,0
11/22/81,10.1,0
11/23/81,15.8,0
11/24/81,13.6,0
11/25/81,11.9,0
11/26/81,9.9,0
11/27/81,12.6,0
11/28/81,17.8,0
11/29/81,15,4
11/30/81,13.6,0
12/1/81,13.4,8
12/2/81,10.5,0
12/3/81,14.2,16
12/4/81,11.5,102
12/5/81,13,8
12/6/81,15,0
12/7/81,14.7,0
12/8/81,12.6,0
12/9/81,12.5,0
12/10/81,13.5,0
12/11/81,14.8,0
12/12/81,17.2,0
12/13/81,9.7,4
12/14/81,12.1,4
12/15/81,12.8,208
12/16/81,11.2,0
12/17/81,16.4,0
12/18/81,15.6,174
12/19/81,13.3,44
12/20/81,11,2
12/21/81,11.1,0
12/22/81,15,0
12/23/81,12.8,0
12/24/81,15,2
12/25/81,14.2,0
12/26/81,14,0
12/27/81,15.5,0
12/28/81,13.3,0
12/29/81,15.6,0
12/30/81,15.2,142
12/31/81,17.4,0
1/1/82,17,0
1/2/82,15,0
1/3/82,13.5,0
1/4/82,15.2,8
1/5/82,13,18
1/6/82,12.5,0
1/7/82,14.1,0
1/8/82,14.8,0
1/9/82,16.2,0
1/10/82,15.8,14
1/11/82,19.1,82
1/12/82,22.2,8
1/13/82,15.9,0
1/14/82,13,0
1/15/82,14.1,0
1/16/82,15.8,0
1/17/82,24,0
1/18/82,18,0
1/19/82,19.7,0
1/20/82,25.2,82
1/21/82,20.5,0
1/22/82,19.3,0
1/23/82,15.8,0
1/24/82,17,0
1/25/82,18.4,0
1/26/82,13.3,0
1/27/82,14.6,0
1/28/82,12.5,40
1/29/82,17,124
1/30/82,17.1,26
1/31/82,14,0
2/1/82,14.6,0
2/2/82,13.3,0
2/3/82,14.8,0
2/4/82,15.1,0
2/5/82,13.1,0
2/6/82,13.6,170
2/7/82,19.5,18
2/8/82,22.7,0
2/9/82,17.2,0
2/10/82,13.5,0
2/11/82,15.4,0
2/12/82,17,0
2/13/82,19.2,0
2/14/82,22.8,0
2/15/82,26.3,0
2/16/82,18.2,0
2/17/82,17,0
2/18/82,14.8,0
2/19/82,12.8,0
2/20/82,15.5,0
2/21/82,15.6,0
2/22/82,13.1,0
2/23/82,15.2,136
2/24/82,14.1,2
2/25/82,12.5,0
2/26/82,14.6,0
2/27/82,10.4,0
2/28/82,13.9,0
3/1/82,11.9,0
3/2/82,13.5,0
3/3/82,9.8,4
3/4/82,14,0
3/5/82,21.5,8
3/6/82,19.5,30
3/7/82,16.7,0
3/8/82,19.1,0
3/9/82,11,0
3/10/82,9,0
3/11/82,10,86
3/12/82,14.6,0
3/13/82,12.5,0
3/14/82,17.2,24
3/15/82,19.2,64
3/16/82,22.2,0
3/17/82,15.7,0
3/18/82,14.2,0
3/19/82,9.8,0
3/20/82,14,0
3/21/82,17.5,0
3/22/82,20.7,42
3/23/82,15.6,0
3/24/82,13.2,0
3/25/82,14.5,0
3/26/82,16.8,0
3/27/82,17.2,0
3/28/82,13.4,0
3/29/82,14.2,94
3/30/82,14.3,0
3/31/82,10.2,24
4/1/82,10.4,68
4/2/82,12.3,2
4/3/82,11.9,0
4/4/82,11.2,0
4/5/82,8.5,0
4/6/82,12,0
4/7/82,12.4,2
4/8/82,12.9,0
4/9/82,10.1,0
4/10/82,15,0
4/11/82,13.6,0
4/12/82,12.4,0
4/13/82,13.6,0
4/14/82,16.1,16
4/15/82,19.5,54
4/16/82,14.2,0
4/17/82,9.3,0
4/18/82,10.1,0
4/19/82,7.4,0
4/20/82,8.6,0
4/21/82,7.8,0
4/22/82,9.1,0
4/23/82,13,0
4/24/82,16.5,0
4/25/82,12.9,0
4/26/82,6.9,2
4/27/82,6.9,0
4/28/82,8.7,0
4/29/82,10,60
4/30/82,10.8,66
5/1/82,7.5,6
5/2/82,6.3,0
5/3/82,11.9,0
5/4/82,13.8,12
5/5/82,11.8,0
5/6/82,11,0
5/7/82,10.1,42
5/8/82,8.5,76
5/9/82,5.5,12
5/10/82,7.6,96
5/11/82,8.7,26
5/12/82,10.8,2
5/13/82,11.2,0
5/14/82,9.1,0
5/15/82,3.7,0
5/16/82,4.6,0
5/17/82,6.6,0
5/18/82,13.2,72
5/19/82,15.2,2
5/20/82,7.6,4
5/21/82,8.4,0
5/22/82,6,0
5/23/82,8.3,0
5/24/82,8.6,44
5/25/82,11.1,34
5/26/82,12.1,138
5/27/82,12.9,440
5/28/82,14,4
5/29/82,12.5,24
5/30/82,11.5,0
5/31/82,7,44
6/1/82,7.1,0
6/2/82,9,64
6/3/82,3.1,22
6/4/82,2.5,0
6/5/82,0,26
6/6/82,1.6,0
6/7/82,2.6,0
6/8/82,5.7,0
6/9/82,2.3,0
6/10/82,4.5,0
6/11/82,8.2,14
6/12/82,6.9,40
6/13/82,7.3,0
6/14/82,6,16
6/15/82,7.3,112
6/16/82,7.6,48
6/17/82,8,32
6/18/82,8,0
6/19/82,6.8,0
6/20/82,7.3,4
6/21/82,6.2,0
6/22/82,6.9,0
6/23/82,8.9,0
6/24/82,4,110
6/25/82,1.3,0
6/26/82,0.8,22
6/27/82,4.3,32
6/28/82,7.3,2
6/29/82,7.7,8
6/30/82,9,8
7/1/82,4.2,0
7/2/82,1.6,0
7/3/82,2.6,0
7/4/82,3.4,0
7/5/82,3.9,82
7/6/82,7,144
7/7/82,7.8,6
7/8/82,5.3,8
7/9/82,2.4,0
7/10/82,2.8,118
7/11/82,4,0
7/12/82,7.5,0
7/13/82,7.8,36
7/14/82,5.6,2
7/15/82,3.3,6
7/16/82,5,0
7/17/82,3.7,0
7/18/82,3.9,0
7/19/82,5.2,0
7/20/82,?0.2,0
7/21/82,?0.8,0
7/22/82,0.9,60
7/23/82,3.5,40
7/24/82,6.6,0
7/25/82,9.5,10
7/26/82,9,10
7/27/82,3.5,0
7/28/82,4.5,2
7/29/82,5.7,0
7/30/82,5.6,128
7/31/82,7.1,0
8/1/82,9.7,10
8/2/82,8.3,0
8/3/82,9.1,28
8/4/82,2.8,42
8/5/82,2.2,80
8/6/82,4.5,0
8/7/82,3.8,24
8/8/82,3.8,0
8/9/82,6.2,0
8/10/82,11.5,80
8/11/82,10.2,28
8/12/82,7.9,0
8/13/82,9,24
8/14/82,9.5,4
8/15/82,6,0
8/16/82,8.2,22
8/17/82,9.2,0
8/18/82,4.3,0
8/19/82,6.6,6
8/20/82,9.4,28
8/21/82,13.2,2
8/22/82,6.6,120
8/23/82,5.1,20
8/24/82,12.1,14
8/25/82,11.2,0
8/26/82,8.5,0
8/27/82,4.6,0
8/28/82,7,48
8/29/82,14.2,34
8/30/82,12.7,164
8/31/82,7.6,10
9/1/82,4,36
9/2/82,10,0
9/3/82,10.5,4
9/4/82,5,8
9/5/82,4.5,6
9/6/82,8.2,0
9/7/82,4.3,0
9/8/82,9.8,0
9/9/82,5.8,0
9/10/82,5,0
9/11/82,8.5,0
9/12/82,9,0
9/13/82,3.6,0
9/14/82,6.7,0
9/15/82,6.7,0
9/16/82,10.1,0
9/17/82,15,14
9/18/82,8.9,0
9/19/82,5.7,0
9/20/82,4.2,0
9/21/82,4,0
9/22/82,5.3,0
9/23/82,6.3,0
9/24/82,8.5,0
9/25/82,11.5,12
9/26/82,7.7,34
9/27/82,9.2,0
9/28/82,7.8,88
9/29/82,6.3,0
9/30/82,6.3,0
10/1/82,8.6,0
10/2/82,6.1,74
10/3/82,13.2,0
10/4/82,9.9,174
10/5/82,4.7,10
10/6/82,5.8,0
10/7/82,14.9,0
10/8/82,10.7,0
10/9/82,8.6,0
10/10/82,9.4,0
10/11/82,5.7,0
10/12/82,10.9,0
10/13/82,13.1,0
10/14/82,10.4,0
10/15/82,8.2,4
10/16/82,9.8,2
10/17/82,7.5,2
10/18/82,5.8,24
10/19/82,9.8,0
10/20/82,7.9,0
10/21/82,8.7,10
10/22/82,10,66
10/23/82,10.6,4
10/24/82,8,0
10/25/82,10.2,0
10/26/82,15.1,0
10/27/82,13.9,0
10/28/82,9.2,0
10/29/82,9,176
10/30/82,13.2,0
10/31/82,7,0
11/1/82,10.6,0
11/2/82,6.9,0
11/3/82,9.5,0
11/4/82,12.5,0
11/5/82,13.6,116
11/6/82,17.7,2
11/7/82,16,0
11/8/82,11.3,0
11/9/82,10.5,0
11/10/82,14.4,0
11/11/82,10.3,58
11/12/82,9,4
11/13/82,11.1,2
11/14/82,14.5,106
11/15/82,18,0
11/16/82,12.8,22
11/17/82,10.7,26
11/18/82,9.1,0
11/19/82,8.7,26
11/20/82,12.4,0
11/21/82,12.6,0
11/22/82,10.3,6
11/23/82,13.7,0
11/24/82,16,0
11/25/82,15.8,100
11/26/82,12.1,22
11/27/82,12.5,0
11/28/82,12.2,0
11/29/82,13.7,0
11/30/82,16.1,54
12/1/82,15.5,0
12/2/82,10.3,0
12/3/82,10.5,0
12/4/82,11,26
12/5/82,11.9,0
12/6/82,13,0
12/7/82,12.2,0
12/8/82,10.6,0
12/9/82,13,8
12/10/82,13,4
12/11/82,12.2,0
12/12/82,12.6,0
12/13/82,18.7,84
12/14/82,15.2,140
12/15/82,15.3,8
12/16/82,13.9,0
12/17/82,15.8,0
12/18/82,13,0
12/19/82,13,0
12/20/82,13.7,0
12/21/82,12,0
12/22/82,10.8,0
12/23/82,15.6,0
12/24/82,15.3,0
12/25/82,13.9,0
12/26/82,13,0
12/27/82,15.3,0
12/28/82,16.3,0
12/29/82,15.8,6
12/30/82,17.7,2
12/31/82,16.3,0
1/1/83,18.4,0
1/2/83,15,18
1/3/83,10.9,0
1/4/83,11.4,4
1/5/83,14.8,0
1/6/83,12.1,0
1/7/83,12.8,0
1/8/83,16.2,100
1/9/83,15.5,0
1/10/83,13,0
1/11/83,10.5,0
1/12/83,9.1,0
1/13/83,10.5,0
1/14/83,11.8,16
1/15/83,12.7,0
1/16/83,12.7,0
1/17/83,11.5,0
1/18/83,13.8,0
1/19/83,13.3,0
1/20/83,11.6,0
1/21/83,15.4,0
1/22/83,12.4,0
1/23/83,16.9,0
1/24/83,14.7,0
1/25/83,10.6,0
1/26/83,15.6,262
1/27/83,10.7,106
1/28/83,12.6,0
1/29/83,13.8,0
1/30/83,14.3,0
1/31/83,14,6
2/1/83,18.1,0
2/2/83,17.3,16
2/3/83,13,0
2/4/83,16,0
2/5/83,14.9,0
2/6/83,16.2,0
2/7/83,20.3,0
2/8/83,22.5,0
2/9/83,17.2,0
2/10/83,15.9,0
2/11/83,16.8,0
2/12/83,13.8,0
2/13/83,12.8,0
2/14/83,14,0
2/15/83,17.5,0
2/16/83,21.5,0
2/17/83,16.8,0
2/18/83,13.6,44
2/19/83,14.5,0
2/20/83,14.2,0
2/21/83,15.7,0
2/22/83,19.7,8
2/23/83,17.4,0
2/24/83,14.4,0
2/25/83,16.9,8
2/26/83,19.1,0
2/27/83,20.4,12
2/28/83,20.1,0
3/1/83,19.9,0
3/2/83,22,0
3/3/83,20.5,6
3/4/83,22.1,0
3/5/83,20.6,0
3/6/83,15,0
3/7/83,20.6,14
3/8/83,21.5,126
3/9/83,16.2,0
3/10/83,14.1,104
3/11/83,14.5,0
3/12/83,21.1,8
3/13/83,15.9,0
3/14/83,15.2,0
3/15/83,13.1,0
3/16/83,13.2,0
3/17/83,12.5,0
3/18/83,15.2,78
3/19/83,17.6,0
3/20/83,15.5,0
3/21/83,16.7,0
3/22/83,16.3,0
3/23/83,15.1,0
3/24/83,12.7,182
3/25/83,10,8
3/26/83,11.4,0
3/27/83,12.6,0
3/28/83,10.7,0
3/29/83,10,2
3/30/83,13.9,24
3/31/83,13.4,0
4/1/83,12.5,0
4/2/83,12.8,0
4/3/83,7.8,0
4/4/83,11.1,0
4/5/83,10.7,2
4/6/83,7.1,0
4/7/83,6.7,0
4/8/83,5.7,0
4/9/83,9.1,0
4/10/83,15.2,0
4/11/83,15.5,0
4/12/83,11.1,0
4/13/83,11.7,0
4/14/83,11.5,0
4/15/83,9.8,0
4/16/83,6.2,0
4/17/83,6.7,128
4/18/83,7.5,0
4/19/83,8.8,0
4/20/83,8,0
4/21/83,10.4,0
4/22/83,14.5,0
4/23/83,16.5,0
4/24/83,14.1,2
4/25/83,10.5,0
4/26/83,12.6,38
4/27/83,13,22
4/28/83,8.7,12
4/29/83,10.1,122
4/30/83,12,30
5/1/83,12.5,0
5/2/83,13.5,0
5/3/83,13.7,0
5/4/83,13.5,0
5/5/83,10.7,0
5/6/83,13,12
5/7/83,11.6,112
5/8/83,13,6
5/9/83,11.2,0
5/10/83,13.5,0
5/11/83,12.9,6
5/12/83,6.8,0
5/13/83,10,0
5/14/83,14.5,46
5/15/83,11.7,38
5/16/83,6.7,0
5/17/83,4.6,0
5/18/83,4.9,0
5/19/83,7.4,0
5/20/83,8.3,6
5/21/83,7.5,0
5/22/83,6.2,16
5/23/83,7.8,6
5/24/83,13.2,0
5/25/83,11.9,0
5/26/83,6.5,0
5/27/83,8.3,6
5/28/83,12.1,4
5/29/83,9.3,0
5/30/83,7.5,2
5/31/83,9.3,0
6/1/83,11,230
6/2/83,10.8,30
6/3/83,5.3,4
6/4/83,7.6,0
6/5/83,5.6,0
6/6/83,7.2,0
6/7/83,9.6,0
6/8/83,7,0
6/9/83,8.3,0
6/10/83,7.8,0
6/11/83,4.7,0
6/12/83,6.8,0
6/13/83,7.2,0
6/14/83,8.3,0
6/15/83,9.5,0
6/16/83,4.7,0
6/17/83,3,14
6/18/83,1.5,0
6/19/83,2.5,0
6/20/83,6.2,0
6/21/83,11.6,64
6/22/83,6.6,80
6/23/83,6.6,84
6/24/83,8,6
6/25/83,7.9,14
6/26/83,3.3,0
6/27/83,3.9,0
6/28/83,6,0
6/29/83,4,8
6/30/83,5.5,0
7/1/83,8.5,0
7/2/83,9.8,0
7/3/83,9.5,0
7/4/83,7.2,0
7/5/83,8.1,0
7/6/83,8,0
7/7/83,8.5,0
7/8/83,8.8,10
7/9/83,8.3,0
7/10/83,2.4,0
7/11/83,4.9,0
7/12/83,5.9,0
7/13/83,6.7,6
7/14/83,8.4,6
7/15/83,6.5,10
7/16/83,7.9,0
7/17/83,4.1,0
7/18/83,5.4,0
7/19/83,7.5,0
7/20/83,3.9,74
7/21/83,2.5,0
7/22/83,5.3,0
7/23/83,6.6,0
7/24/83,0,0
7/25/83,0.7,0
7/26/83,7.6,0
7/27/83,12.3,0
7/28/83,9.2,0
7/29/83,9.6,0
7/30/83,9.5,16
7/31/83,10,4
8/1/83,7.7,0
8/2/83,8,0
8/3/83,8.3,0
8/4/83,8.3,12
8/5/83,4.5,2
8/6/83,6.5,0
8/7/83,9.4,0
8/8/83,9.4,0
8/9/83,10.5,0
8/10/83,10.7,0
8/11/83,9.9,0
8/12/83,7.6,162
8/13/83,5.8,46
8/14/83,8.5,8
8/15/83,13.8,0
8/16/83,14.3,46
8/17/83,8.3,0
8/18/83,5.3,2
8/19/83,3,0
8/20/83,5.2,0
8/21/83,10.3,0
8/22/83,11.1,0
8/23/83,10.5,6
8/24/83,9,0
8/25/83,13,0
8/26/83,6.4,0
8/27/83,8.4,0
8/28/83,6.7,0
8/29/83,8.3,0
8/30/83,11.2,0
8/31/83,10,0
9/1/83,10.1,4
9/2/83,10.6,0
9/3/83,10.9,8
9/4/83,5.7,8
9/5/83,9.5,0
9/6/83,10.4,0
9/7/83,11.1,58
9/8/83,12.2,26
9/9/83,10.6,0
9/10/83,8.8,86
9/11/83,9.2,6
9/12/83,5.5,38
9/13/83,7.1,0
9/14/83,6.5,0
9/15/83,4.3,0
9/16/83,5,0
9/17/83,11.2,0
9/18/83,7.5,10
9/19/83,12,8
9/20/83,13.6,0
9/21/83,8.3,0
9/22/83,8.5,0
9/23/83,12.9,0
9/24/83,7.7,0
9/25/83,7.6,0
9/26/83,3.5,0
9/27/83,10.4,26
9/28/83,15.4,0
9/29/83,10.6,0
9/30/83,9.6,130
10/1/83,9.3,40
10/2/83,13.9,0
10/3/83,7.7,0
10/4/83,9.5,0
10/5/83,7.6,58
10/6/83,6.9,0
10/7/83,6.8,0
10/8/83,5.8,0
10/9/83,6,0
10/10/83,8.3,120
10/11/83,9.1,2
10/12/83,12.5,0
10/13/83,13.2,0
10/14/83,16.2,0
10/15/83,12.5,0
10/16/83,11.8,0
10/17/83,10.6,0
10/18/83,10,142
10/19/83,12.2,4
10/20/83,8.9,20
10/21/83,10.3,10
10/22/83,7.5,40
10/23/83,11.6,0
10/24/83,12.6,2
10/25/83,12.9,0
10/26/83,11.7,0
10/27/83,14,0
10/28/83,12.3,0
10/29/83,9,0
10/30/83,9.2,0
10/31/83,9.8,0
11/1/83,11.8,14
11/2/83,10.6,0
11/3/83,12.6,0
11/4/83,11,0
11/5/83,8.2,0
11/6/83,7.5,0
11/7/83,13.6,0
11/8/83,14.8,0
11/9/83,10.9,0
11/10/83,7.7,0
11/11/83,10.2,0
11/12/83,10.8,6
11/13/83,10.8,0
11/14/83,12.5,0
11/15/83,13.2,0
11/16/83,8.7,20
11/17/83,5.7,132
11/18/83,9.8,0
11/19/83,7.3,14
11/20/83,10.8,0
11/21/83,10,0
11/22/83,16.2,0
11/23/83,15,0
11/24/83,14.5,0
11/25/83,15.9,0
11/26/83,14.9,0
11/27/83,14.2,0
11/28/83,15.8,0
11/29/83,17.2,0
11/30/83,17.6,0
12/1/83,12.1,4
12/2/83,11.4,0
12/3/83,13,0
12/4/83,13.2,0
12/5/83,12,0
12/6/83,15.3,0
12/7/83,12.7,0
12/8/83,12.1,10
12/9/83,13.8,352
12/10/83,10.9,86
12/11/83,12,2
12/12/83,16.5,0
12/13/83,15,0
12/14/83,11.2,0
12/15/83,13.9,0
12/16/83,15,4
12/17/83,14.8,0
12/18/83,15,0
12/19/83,13.3,0
12/20/83,20.4,0
12/21/83,18,0
12/22/83,12.2,0
12/23/83,16.7,0
12/24/83,13.8,0
12/25/83,17.5,0
12/26/83,15,0
12/27/83,13.9,0
12/28/83,11.1,0
12/29/83,16.1,0
12/30/83,20.4,0
12/31/83,18,20
1/1/84,19.5,0
1/2/84,17.1,0
1/3/84,17.1,176
1/4/84,12,0
1/5/84,11,10
1/6/84,16.3,10
1/7/84,16.1,0
1/8/84,13,0
1/9/84,13.4,0
1/10/84,15.2,0
1/11/84,12.5,0
1/12/84,14.3,0
1/13/84,16.5,8
1/14/84,18.6,2
1/15/84,18,22
1/16/84,18.2,6
1/17/84,11.4,0
1/18/84,11.9,0
1/19/84,12.2,0
1/20/84,14.8,0
1/21/84,13.1,0
1/22/84,12.7,0
1/23/84,10.5,0
1/24/84,13.8,0
1/25/84,18.8,6
1/26/84,13.9,0
1/27/84,11.2,0
1/28/84,10.6,58
1/29/84,14.7,0
1/30/84,13.1,0
1/31/84,12.1,0
2/1/84,14.7,0
2/2/84,11.1,0
2/3/84,13,0
2/4/84,15.6,0
2/5/84,14.2,0
2/6/84,15.5,0
2/7/84,18,0
2/8/84,15,0
2/9/84,15.9,0
2/10/84,15.5,0
2/11/84,15.8,0
2/12/84,16.6,0
2/13/84,13.6,0
2/14/84,13.8,0
2/15/84,14.6,0
2/16/84,15.6,0
2/17/84,16.6,0
2/18/84,14.3,0
2/19/84,16.3,0
2/20/84,18.9,0
2/21/84,18.7,0
2/22/84,14.5,0
2/23/84,16.5,0
2/24/84,14.1,6
2/25/84,13.5,0
2/26/84,11.7,0
2/27/84,15.1,0
2/28/84,11.2,0
2/29/84,13.5,0
3/1/84,12.6,0
3/2/84,8.8,0
3/3/84,10.5,0
3/4/84,12.1,0
3/5/84,14.5,24
3/6/84,19.5,0
3/7/84,14,0
3/8/84,13.8,0
3/9/84,10.5,60
3/10/84,13.8,0
3/11/84,11.4,0
3/12/84,15.6,0
3/13/84,11.1,4
3/14/84,12.1,0
3/15/84,14.2,14
3/16/84,10.9,0
3/17/84,14.2,0
3/18/84,13.8,0
3/19/84,15.1,0
3/20/84,14,0
3/21/84,12.1,48
3/22/84,13.8,130
3/23/84,16.6,28
3/24/84,17.8,118
3/25/84,9.4,22
3/26/84,10.2,0
3/27/84,7.4,0
3/28/84,8.7,12
3/29/84,14,0
3/30/84,15.3,0
3/31/84,11.1,0
4/1/84,9.7,0
4/2/84,10.3,0
4/3/84,9.2,0
4/4/84,8.2,0
4/5/84,9.7,50
4/6/84,12.4,36
4/7/84,12.5,0
4/8/84,9,0
4/9/84,9.7,0
4/10/84,10.1,18
4/11/84,11.2,18
4/12/84,12,12
4/13/84,11.1,12
4/14/84,10.8,16
4/15/84,12.8,36
4/16/84,9.8,2
4/17/84,13.7,8
4/18/84,11,0
4/19/84,13.2,0
4/20/84,13,0
4/21/84,10.2,0
4/22/84,13.2,0
4/23/84,9.3,14
4/24/84,11.1,166
4/25/84,10.3,0
4/26/84,8.7,16
4/27/84,11.7,0
4/28/84,12.5,0
4/29/84,6.5,0
4/30/84,9.6,0
5/1/84,13.8,0
5/2/84,14.7,32
5/3/84,9.1,118
5/4/84,4.8,10
5/5/84,3.3,16
5/6/84,3.5,0
5/7/84,5.7,0
5/8/84,5.5,36
5/9/84,7,8
5/10/84,9.5,16
5/11/84,9.9,12
5/12/84,4.9,0
5/13/84,6.3,0
5/14/84,4.8,0
5/15/84,6.2,110
5/16/84,7.1,26
5/17/84,7.5,0
5/18/84,9.4,0
5/19/84,8.7,0
5/20/84,9.5,0
5/21/84,12.1,0
5/22/84,9.5,2
5/23/84,9.3,0
5/24/84,8.5,4
5/25/84,8,18
5/26/84,9.8,0
5/27/84,6.2,6
5/28/84,7.3,18
5/29/84,10.9,12
5/30/84,10,108
5/31/84,8.7,0
6/1/84,9,4
6/2/84,10.8,2
6/3/84,12.4,0
6/4/84,7.2,0
6/5/84,7.2,0
6/6/84,11.1,0
6/7/84,9.3,0
6/8/84,10.1,40
6/9/84,3.9,4
6/10/84,5,32
6/11/84,8.2,2
6/12/84,2.8,0
6/13/84,4.3,74
6/14/84,8.1,0
6/15/84,11.1,4
6/16/84,4.7,4
6/17/84,5.3,0
6/18/84,10,0
6/19/84,5.6,0
6/20/84,2.2,0
6/21/84,7.1,8
6/22/84,8.3,0
6/23/84,8.6,0
6/24/84,10.1,6
6/25/84,8.3,16
6/26/84,7.2,26
6/27/84,7.7,0
6/28/84,7.8,0
6/29/84,9.1,2
6/30/84,9.4,100
7/1/84,7.8,40
7/2/84,2.6,24
7/3/84,2.4,0
7/4/84,3.9,0
7/5/84,1.3,0
7/6/84,2.1,98
7/7/84,7.4,126
7/8/84,7.2,0
7/9/84,8.8,0
7/10/84,8.9,0
7/11/84,8.8,0
7/12/84,8,4
7/13/84,0.7,0
7/14/84,?0.1,0
7/15/84,0.9,36
7/16/84,7.8,0
7/17/84,7.2,12
7/18/84,8,2
7/19/84,4.6,0
7/20/84,5.2,72
7/21/84,5.8,0
7/22/84,6.8,0
7/23/84,8.1,4
7/24/84,7.5,0
7/25/84,5.4,0
7/26/84,4.6,0
7/27/84,6.4,10
7/28/84,9.7,148
7/29/84,7,18
7/30/84,10,40
7/31/84,10.6,2
8/1/84,11.5,0
8/2/84,10.2,40
8/3/84,11.1,0
8/4/84,11,0
8/5/84,8.9,0
8/6/84,9.9,0
8/7/84,11.7,0
8/8/84,11.6,0
8/9/84,9,36
8/10/84,6.3,0
8/11/84,8.7,12
8/12/84,8.5,0
8/13/84,8.5,0
8/14/84,8,0
8/15/84,6,0
8/16/84,8,0
8/17/84,8.5,302
8/18/84,7.7,8
8/19/84,8.4,0
8/20/84,9,0
8/21/84,8.3,16
8/22/84,6.8,0
8/23/84,9.3,56
8/24/84,6.7,0
8/25/84,9,0
8/26/84,7.3,14
8/27/84,6.3,56
8/28/84,7.9,6
8/29/84,5.2,0
8/30/84,9,4
8/31/84,11.3,30
9/1/84,9.2,10
9/2/84,11.3,0
9/3/84,7,106
9/4/84,8,4
9/5/84,4.6,44
9/6/84,8.5,32
9/7/84,9.5,10
9/8/84,9.4,76
9/9/84,10.5,84
9/10/84,9.7,70
9/11/84,4.9,26
9/12/84,8,10
9/13/84,5.8,106
9/14/84,5.5,130
9/15/84,10.9,0
9/16/84,11.7,0
9/17/84,9.2,8
9/18/84,8.9,2
9/19/84,11.3,2
9/20/84,8.6,0
9/21/84,6.2,50
9/22/84,6.6,0
9/23/84,9.1,0
9/24/84,6.1,4
9/25/84,7.5,6
9/26/84,10.7,0
9/27/84,6.3,0
9/28/84,5.5,38
9/29/84,6.7,0
9/30/84,4.2,0
10/1/84,11.3,0
10/2/84,16.3,0
10/3/84,10.5,4
10/4/84,10.3,0
10/5/84,7.9,0
10/6/84,7.7,0
10/7/84,16,0
10/8/84,14.6,0
10/9/84,12.5,0
10/10/84,8.1,0
10/11/84,12.2,0
10/12/84,17.2,46
10/13/84,9.4,98
10/14/84,8.7,8
10/15/84,5.9,272
10/16/84,4.8,588
10/17/84,7.4,10
10/18/84,9.4,6
10/19/84,9.7,12
10/20/84,9.9,64
10/21/84,6.5,4
10/22/84,9.8,0
10/23/84,18.2,0
10/24/84,11.3,0
10/25/84,9.1,0
10/26/84,9.6,0
10/27/84,13.5,0
10/28/84,10.7,0
10/29/84,10,30
10/30/84,8.5,0
10/31/84,12.6,0
11/1/84,16.6,0
11/2/84,11.6,0
11/3/84,12.2,6
11/4/84,11.2,14
11/5/84,9.2,6
11/6/84,9.9,0
11/7/84,11.9,0
11/8/84,15.6,40
11/9/84,19,50
11/10/84,12.8,28
11/11/84,12.2,0
11/12/84,12,0
11/13/84,11.1,0
11/14/84,11.8,0
11/15/84,7.6,0
11/16/84,13,8
11/17/84,12.7,128
11/18/84,16,2
11/19/84,14.8,0
11/20/84,14.2,0
11/21/84,10,0
11/22/84,8.8,0
11/23/84,11.6,0
11/24/84,8.6,0
11/25/84,14.6,28
11/26/84,24.3,180
11/27/84,11.6,20
11/28/84,10.8,40
11/29/84,12,6
11/30/84,11,148
12/1/84,12.6,124
12/2/84,10.8,0
12/3/84,9.1,0
12/4/84,11,0
12/5/84,13,0
12/6/84,12.8,24
12/7/84,9.9,24
12/8/84,11.6,0
12/9/84,10.5,0
12/10/84,15.9,0
12/11/84,12.2,0
12/12/84,13,0
12/13/84,12.5,22
12/14/84,12.5,0
12/15/84,11.4,0
12/16/84,12.1,0
12/17/84,16.8,2
12/18/84,12.1,0
12/19/84,11.3,0
12/20/84,10.4,0
12/21/84,14.2,0
12/22/84,11.4,0
12/23/84,13.7,0
12/24/84,16.5,0
12/25/84,12.8,0
12/26/84,12.2,0
12/27/84,12,0
12/28/84,12.6,0
12/29/84,16,0
12/30/84,16.4,0
12/31/84,,0
1/1/85,13.3,6
1/2/85,15.2,224
1/3/85,13.1,14
1/4/85,12.7,2
1/5/85,14.6,0
1/6/85,11,0
1/7/85,13.2,36
1/8/85,12.2,0
1/9/85,14.4,0
1/10/85,13.7,0
1/11/85,14.5,0
1/12/85,14.1,0
1/13/85,14.4,0
1/14/85,19.7,0
1/15/85,16.5,14
1/16/85,15.9,220
1/17/85,11.8,0
1/18/85,12,0
1/19/85,11.4,0
1/20/85,14.4,0
1/21/85,12.4,0
1/22/85,15.1,0
1/23/85,15.6,0
1/24/85,15.2,10
1/25/85,12.8,6
1/26/85,13.3,126
1/27/85,17.5,12
1/28/85,15.4,0
1/29/85,13.5,0
1/30/85,16.7,22
1/31/85,15.2,8
2/1/85,14.9,16
2/2/85,10.2,0
2/3/85,13.6,0
2/4/85,19,0
2/5/85,15.7,0
2/6/85,18,0
2/7/85,14.8,44
2/8/85,13.9,6
2/9/85,13,0
2/10/85,15.3,0
2/11/85,14.3,0
2/12/85,15.6,0
2/13/85,16,0
2/14/85,14.9,0
2/15/85,11.1,0
2/16/85,14.8,0
2/17/85,13,0
2/18/85,12.2,0
2/19/85,10.9,0
2/20/85,14.6,0
2/21/85,16.6,8
2/22/85,18.1,4
2/23/85,13.4,0
2/24/85,10.3,0
2/25/85,13.6,0
2/26/85,13.8,0
2/27/85,10.3,0
2/28/85,11,106
3/1/85,14.3,4
3/2/85,15.5,10
3/3/85,14.7,22
3/4/85,12.7,2
3/5/85,10.7,0
3/6/85,12.6,0
3/7/85,9.8,0
3/8/85,13.2,0
3/9/85,15.2,0
3/10/85,16.6,0
3/11/85,21,0
3/12/85,22.4,0
3/13/85,17,0
3/14/85,21.7,22
3/15/85,21.4,36
3/16/85,18.6,26
3/17/85,16.2,0
3/18/85,16.8,0
3/19/85,17,0
3/20/85,18.4,0
3/21/85,17.2,14
3/22/85,18.4,0
3/23/85,18.8,0
3/24/85,16.5,0
3/25/85,13.3,0
3/26/85,12.2,128
3/27/85,11.3,0
3/28/85,13.8,102
3/29/85,16.6,22
3/30/85,14,0
3/31/85,14.3,0
4/1/85,16.4,0
4/2/85,11.9,0
4/3/85,15.7,0
4/4/85,17.6,0
4/5/85,17.5,0
4/6/85,15.9,0
4/7/85,16.2,0
4/8/85,16,0
4/9/85,15.9,0
4/10/85,16.2,0
4/11/85,16.2,0
4/12/85,19.5,0
4/13/85,18.2,0
4/14/85,21.8,0
4/15/85,15.1,0
4/16/85,11,0
4/17/85,8.1,8
4/18/85,9.5,54
4/19/85,9.3,16
4/20/85,10.6,58
4/21/85,6.3,4
4/22/85,8.6,342
4/23/85,6.8,0
4/24/85,8.7,4
4/25/85,8.4,4
4/26/85,9.3,14
4/27/85,10,18
4/28/85,10.5,0
4/29/85,12,0
4/30/85,10.1,2
5/1/85,9.4,0
5/2/85,10.1,0
5/3/85,8,0
5/4/85,10.6,0
5/5/85,13.6,32
5/6/85,15.4,0
5/7/85,9,16
5/8/85,10.4,0
5/9/85,11,0
5/10/85,12.1,0
5/11/85,13.4,0
5/12/85,11.3,0
5/13/85,6.7,0
5/14/85,9.8,0
5/15/85,10.8,0
5/16/85,7.8,0
5/17/85,4.5,0
5/18/85,7.6,0
5/19/85,6.9,0
5/20/85,7.5,0
5/21/85,8.5,0
5/22/85,5.5,0
5/23/85,9.5,22
5/24/85,7.3,12
5/25/85,5.4,18
5/26/85,5.5,0
5/27/85,8.1,0
5/28/85,11.2,0
5/29/85,13.4,0
5/30/85,11.6,0
5/31/85,10.1,2
6/1/85,4.3,0
6/2/85,5.5,126
6/3/85,4.4,0
6/4/85,5.9,0
6/5/85,5.7,10
6/6/85,8.2,0
6/7/85,8.2,0
6/8/85,4.2,0
6/9/85,6.5,2
6/10/85,10,0
6/11/85,8.8,0
6/12/85,6.6,0
6/13/85,7.8,0
6/14/85,10.1,0
6/15/85,7.1,0
6/16/85,7.7,0
6/17/85,8.5,0
6/18/85,7.3,20
6/19/85,6.9,0
6/20/85,8.4,18
6/21/85,7.1,0
6/22/85,6.3,0
6/23/85,0.6,0
6/24/85,1.6,0
6/25/85,7,0
6/26/85,8.3,0
6/27/85,8,6
6/28/85,10.2,0
6/29/85,10.6,0
6/30/85,10.4,16
7/1/85,11.6,40
7/2/85,11,22
7/3/85,10.7,10
7/4/85,7.3,10
7/5/85,4.2,8
7/6/85,4.7,0
7/7/85,5.6,0
7/8/85,7.7,10
7/9/85,7.5,8
7/10/85,4.9,0
7/11/85,5.9,0
7/12/85,7.8,0
7/13/85,5.8,2
7/14/85,7,38
7/15/85,8.4,12
7/16/85,6.2,0
7/17/85,7.5,104
7/18/85,4.8,0
7/19/85,3.3,0
7/20/85,3.2,54
7/21/85,7,18
7/22/85,8.4,0
7/23/85,0.3,0
7/24/85,0.3,12
7/25/85,2.1,4
7/26/85,8.5,0
7/27/85,1.4,0
7/28/85,4.1,0
7/29/85,10.3,10
7/30/85,6.6,92
7/31/85,6.1,0
8/1/85,7,0
8/2/85,5.1,2
8/3/85,6.3,18
8/4/85,6.9,0
8/5/85,11.4,0
8/6/85,10.4,0
8/7/85,10.3,32
8/8/85,9.2,0
8/9/85,7.2,0
8/10/85,7.5,0
8/11/85,4,74
8/12/85,5.6,8
8/13/85,6.7,50
8/14/85,8.4,18
8/15/85,11,2
8/16/85,8.4,28
8/17/85,8.8,0
8/18/85,8.6,34
8/19/85,8.3,4
8/20/85,4,12
8/21/85,3.6,2
8/22/85,5.7,74
8/23/85,10.6,6
8/24/85,6.9,46
8/25/85,10,0
8/26/85,9.8,16
8/27/85,7.2,0
8/28/85,10.5,50
8/29/85,3.6,42
8/30/85,5.3,4
8/31/85,8.4,0
9/1/85,10.3,0
9/2/85,7.9,0
9/3/85,8.5,0
9/4/85,7.9,12
9/5/85,8,86
9/6/85,9.8,22
9/7/85,6.7,0
9/8/85,4.8,0
9/9/85,9.9,0
9/10/85,12.8,0
9/11/85,10.9,0
9/12/85,11.7,10
9/13/85,11.7,20
9/14/85,11,0
9/15/85,8.2,0
9/16/85,7.5,0
9/17/85,5.4,0
9/18/85,7.2,72
9/19/85,9.7,102
9/20/85,8.4,444
9/21/85,9,130
9/22/85,8.7,16
9/23/85,6.6,106
9/24/85,11.6,36
9/25/85,13.1,8
9/26/85,6.7,8
9/27/85,6.5,0
9/28/85,7.7,0
9/29/85,8.7,20
9/30/85,7.2,60
10/1/85,10.5,0
10/2/85,8.6,0
10/3/85,7.2,4
10/4/85,11.4,0
10/5/85,16.2,230
10/6/85,6.1,2
10/7/85,9.6,0
10/8/85,11.1,0
10/9/85,13.6,0
10/10/85,10.7,38
10/11/85,14.7,4
10/12/85,11.6,0
10/13/85,7.3,0
10/14/85,8,0
10/15/85,9.6,0
10/16/85,16,0
10/17/85,15.1,18
10/18/85,12.8,40
10/19/85,6.2,62
10/20/85,7.1,8
10/21/85,8.4,2
10/22/85,10,6
10/23/85,12.7,0
10/24/85,10,0
10/25/85,10.2,0
10/26/85,6.5,0
10/27/85,9.2,0
10/28/85,11.9,0
10/29/85,14.7,0
10/30/85,11.4,0
10/31/85,6.8,0
11/1/85,7.4,0
11/2/85,11.2,0
11/3/85,9.2,44
11/4/85,12.6,0
11/5/85,16,0
11/6/85,17.1,8
11/7/85,15.3,0
11/8/85,13.3,0
11/9/85,15.4,0
11/10/85,13.2,0
11/11/85,14.4,0
11/12/85,14,124
11/13/85,15.5,12
11/14/85,21,256
11/15/85,10,26
11/16/85,9.6,10
11/17/85,12,0
11/18/85,12.2,0
11/19/85,11.3,0
11/20/85,13.2,0
11/21/85,10.5,0
11/22/85,10.1,0
11/23/85,8.8,0
11/24/85,13.7,38
11/25/85,16.2,30
11/26/85,16,0
11/27/85,14,0
11/28/85,13.7,0
11/29/85,12.5,2
11/30/85,12.8,0
12/1/85,12.3,0
12/2/85,15.2,0
12/3/85,15,0
12/4/85,16.4,26
12/5/85,16.1,16
12/6/85,14.6,72
12/7/85,18.2,0
12/8/85,16.4,0
12/9/85,16.6,0
12/10/85,14.7,0
12/11/85,15.8,0
12/12/85,14.1,26
12/13/85,13.5,26
12/14/85,13.6,0
12/15/85,13.7,124
12/16/85,13.6,74
12/17/85,12.1,4
12/18/85,12.7,0
12/19/85,13.3,2
12/20/85,14.2,0
12/21/85,15,8
12/22/85,13.7,12
12/23/85,12,0
12/24/85,13.1,0
12/25/85,13.2,0
12/26/85,13.3,18
12/27/85,11.5,32
12/28/85,10.8,20
12/29/85,12,0
12/30/85,16.3,0
12/31/85,14.4,0
1/1/86,12.9,0
1/2/86,13.8,0
1/3/86,10.6,0
1/4/86,12.6,112
1/5/86,13.7,2
1/6/86,12.6,0
1/7/86,13.1,2
1/8/86,15.4,0
1/9/86,11.9,0
1/10/86,13.8,10
1/11/86,14.4,0
1/12/86,15.2,0
1/13/86,12.5,0
1/14/86,12.2,0
1/15/86,16.1,0
1/16/86,14.6,0
1/17/86,11.6,0
1/18/86,13.1,0
1/19/86,12.8,2
1/20/86,15.2,0
1/21/86,13.8,0
1/22/86,15,0
1/23/86,13.5,0
1/24/86,11.8,0
1/25/86,15.3,0
1/26/86,13.5,0
1/27/86,15.3,0
1/28/86,13.8,0
1/29/86,15.8,0
1/30/86,17.4,0
1/31/86,15.3,0
2/1/86,14.6,38
2/2/86,14.8,0
2/3/86,10.7,0
2/4/86,11.6,0
2/5/86,13.6,0
2/6/86,14.4,0
2/7/86,11.8,18
2/8/86,15.8,14
2/9/86,16,0
2/10/86,11.8,0
2/11/86,14.5,0
2/12/86,10.7,0
2/13/86,14.2,0
2/14/86,19.5,0
2/15/86,21.4,0
2/16/86,17.9,0
2/17/86,17.4,0
2/18/86,12.7,0
2/19/86,13.8,0
2/20/86,14,0
2/21/86,15,8
2/22/86,14.5,0
2/23/86,13.1,0
2/24/86,11.4,0
2/25/86,12.5,0
2/26/86,12,0
2/27/86,13.4,14
2/28/86,14.4,0
3/1/86,17.7,8
3/2/86,13.9,0
3/3/86,13.3,2
3/4/86,14.6,0
3/5/86,16.4,0
3/6/86,16.8,6
3/7/86,20,8
3/8/86,12.5,0
3/9/86,12.7,0
3/10/86,11.7,0
3/11/86,12.7,0
3/12/86,8.6,0
3/13/86,11.9,0
3/14/86,16,16
3/15/86,15.2,0
3/16/86,13.4,0
3/17/86,11.6,0
3/18/86,11.1,296
3/19/86,15.6,2
3/20/86,17,2
3/21/86,18.5,0
3/22/86,17.4,0
3/23/86,16.5,0
3/24/86,16.2,10
3/25/86,16.1,144
3/26/86,13.2,8
3/27/86,18,0
3/28/86,12.8,0
3/29/86,11.7,0
3/30/86,16.7,0
3/31/86,15.6,0
4/1/86,10.2,0
4/2/86,10.3,24
4/3/86,15,242
4/4/86,18,4
4/5/86,13.8,0
4/6/86,10.5,0
4/7/86,11.8,0
4/8/86,7.2,16
4/9/86,11.6,0
4/10/86,7.4,0
4/11/86,14.2,0
4/12/86,12.2,0
4/13/86,9,2
4/14/86,12.3,0
4/15/86,19.7,0
4/16/86,12.8,0
4/17/86,12.4,44
4/18/86,12,0
4/19/86,12,44
4/20/86,11.1,212
4/21/86,12.7,30
4/22/86,14.2,4
4/23/86,11.6,0
4/24/86,12,0
4/25/86,11.5,0
4/26/86,8.3,0
4/27/86,10.5,0
4/28/86,9,0
4/29/86,6.9,0
4/30/86,9.4,0
5/1/86,11.1,0
5/2/86,9.1,0
5/3/86,7.7,0
5/4/86,10,0
5/5/86,10.4,0
5/6/86,8,0
5/7/86,9.8,0
5/8/86,12.4,0
5/9/86,12.9,28
5/10/86,12.3,4
5/11/86,6.9,0
5/12/86,10.5,0
5/13/86,11,4
5/14/86,9.7,0
5/15/86,11.1,0
5/16/86,11.5,94
5/17/86,13.4,28
5/18/86,10.9,0
5/19/86,12,24
5/20/86,12.1,144
5/21/86,10.4,4
5/22/86,10,0
5/23/86,9.6,0
5/24/86,11.3,0
5/25/86,8.5,4
5/26/86,6.3,0
5/27/86,8.2,0
5/28/86,10.7,0
5/29/86,10.3,0
5/30/86,9.5,180
5/31/86,10.9,4
6/1/86,10.9,20
6/2/86,4.3,0
6/3/86,5.2,0
6/4/86,11,28
6/5/86,11.6,0
6/6/86,10.6,194
6/7/86,9.4,118
6/8/86,10,0
6/9/86,9.6,0
6/10/86,9.5,0
6/11/86,9.7,2
6/12/86,9.6,4
6/13/86,7,162
6/14/86,7,0
6/15/86,6.8,0
6/16/86,6.9,0
6/17/86,8,22
6/18/86,7.6,0
6/19/86,8.6,0
6/20/86,5.7,12
6/21/86,5.5,44
6/22/86,5.7,0
6/23/86,5.7,14
6/24/86,6.6,4
6/25/86,6,8
6/26/86,6.9,2
6/27/86,7.7,0
6/28/86,8,4
6/29/86,3.9,0
6/30/86,0.8,10
7/1/86,2.8,0
7/2/86,8,0
7/3/86,9.8,0
7/4/86,11.4,0
7/5/86,8.6,0
7/6/86,5.2,0
7/7/86,6.6,0
7/8/86,5.7,6
7/9/86,4.6,0
7/10/86,5.8,0
7/11/86,7,0
7/12/86,4.8,0
7/13/86,4.4,8
7/14/86,4.4,0
7/15/86,7.9,0
7/16/86,10.6,40
7/17/86,5,44
7/18/86,7.6,18
7/19/86,9.2,88
7/20/86,9.7,0
7/21/86,8.8,0
7/22/86,6.8,18
7/23/86,9.4,8
7/24/86,11,44
7/25/86,2.5,0
7/26/86,2.1,0
7/27/86,5.4,36
7/28/86,6.2,0
7/29/86,7.8,0
7/30/86,7.4,14
7/31/86,9.3,2
8/1/86,9.3,52
8/2/86,9.5,100
8/3/86,8.5,2
8/4/86,10,0
8/5/86,7.7,0
8/6/86,9.3,6
8/7/86,9.1,78
8/8/86,3.5,86
8/9/86,3.6,64
8/10/86,2.5,66
8/11/86,1.7,12
8/12/86,2.7,0
8/13/86,2.9,0
8/14/86,5.3,0
8/15/86,7.7,0
8/16/86,9.1,4
8/17/86,9.4,92
8/18/86,7.3,68
8/19/86,8.4,0
8/20/86,9.2,32
8/21/86,6.6,8
8/22/86,9.7,0
8/23/86,12.4,2
8/24/86,10.2,44
8/25/86,5.9,2
8/26/86,7.1,0
8/27/86,7.5,92
8/28/86,9.7,2
8/29/86,12.2,4
8/30/86,5.6,44
8/31/86,5.4,0
9/1/86,8.3,0
9/2/86,10.6,2
9/3/86,9.1,78
9/4/86,11.3,8
9/5/86,10.9,10
9/6/86,8.9,8
9/7/86,6.3,0
9/8/86,9,0
9/9/86,6.1,0
9/10/86,9.1,0
9/11/86,9.6,0
9/12/86,6,44
9/13/86,10,0
9/14/86,11,142
9/15/86,6.2,0
9/16/86,8.3,4
9/17/86,11.3,0
9/18/86,11.3,10
9/19/86,6.7,0
9/20/86,6.6,8
9/21/86,11.4,0
9/22/86,6.9,0
9/23/86,10.6,0
9/24/86,8.6,0
9/25/86,11.3,0
9/26/86,12.5,0
9/27/86,9.9,44
9/28/86,6.9,36
9/29/86,5.5,22
9/30/86,7.8,4
10/1/86,11,0
10/2/86,16.2,0
10/3/86,9.9,0
10/4/86,8.7,0
10/5/86,10.5,0
10/6/86,12.2,0
10/7/86,10.6,34
10/8/86,8.3,0
10/9/86,5.5,0
10/10/86,9,0
10/11/86,6.4,0
10/12/86,7.2,8
10/13/86,12.9,30
10/14/86,12,0
10/15/86,7.3,0
10/16/86,9.7,0
10/17/86,8.4,6
10/18/86,14.7,12
10/19/86,9.5,14
10/20/86,7.9,38
10/21/86,6.8,12
10/22/86,12.6,0
10/23/86,5.2,0
10/24/86,7.5,54
10/25/86,8.7,260
10/26/86,7.6,0
10/27/86,9,0
10/28/86,7.2,0
10/29/86,10.7,0
10/30/86,13.1,0
10/31/86,13.9,56
11/1/86,10.8,4
11/2/86,10.4,0
11/3/86,9.1,0
11/4/86,16,0
11/5/86,21,0
11/6/86,16.2,250
11/7/86,8.6,116
11/8/86,9.2,84
11/9/86,12.5,6
11/10/86,9.7,2
11/11/86,12.5,0
11/12/86,10.3,12
11/13/86,12,0
11/14/86,11,0
11/15/86,14.8,0
11/16/86,15,170
11/17/86,15.3,0
11/18/86,10.3,20
11/19/86,10.7,6
11/20/86,10.5,0
11/21/86,8.9,2
11/22/86,8.1,38
11/23/86,11.5,4
11/24/86,12.8,0
11/25/86,9.1,0
11/26/86,14.6,10
11/27/86,11.6,14
11/28/86,11.2,32
11/29/86,12.6,0
11/30/86,7.5,0
12/1/86,11,4
12/2/86,14.5,0
12/3/86,18.5,16
12/4/86,15.4,62
12/5/86,13.1,0
12/6/86,16.3,0
12/7/86,20.2,0
12/8/86,11.5,144
12/9/86,12.4,54
12/10/86,10.9,144
12/11/86,12.7,376
12/12/86,12.2,34
12/13/86,12.4,24
12/14/86,9.8,2
12/15/86,8.5,0
12/16/86,14.7,0
12/17/86,12,100
12/18/86,10.3,64
12/19/86,11,98
12/20/86,10.2,0
12/21/86,12.6,0
12/22/86,11.6,0
12/23/86,9.7,2
12/24/86,13.4,126
12/25/86,10.5,30
12/26/86,14.7,0
12/27/86,14.6,6
12/28/86,14.2,2
12/29/86,13.2,0
12/30/86,11.7,0
12/31/86,17.2,0
1/1/87,12.3,84
1/2/87,13.8,2
1/3/87,15.3,0
1/4/87,15.6,14
1/5/87,16.2,0
1/6/87,16.3,0
1/7/87,16.8,0
1/8/87,11,0
1/9/87,8.5,0
1/10/87,13.2,4
1/11/87,13,84
1/12/87,12.4,10
1/13/87,13,0
1/14/87,16.6,0
1/15/87,12,0
1/16/87,12.4,0
1/17/87,15,28
1/18/87,11.8,82
1/19/87,11.6,0
1/20/87,12.2,0
1/21/87,13.7,0
1/22/87,11.2,0
1/23/87,12.4,0
1/24/87,11.5,0
1/25/87,13.8,0
1/26/87,15.7,0
1/27/87,12.9,0
1/28/87,11.5,0
1/29/87,11,0
1/30/87,12.7,0
1/31/87,14.9,0
2/1/87,16.5,0
2/2/87,12.8,0
2/3/87,12.7,0
2/4/87,12.7,0
2/5/87,11.6,0
2/6/87,13.3,0
2/7/87,15.2,0
2/8/87,16.4,0
2/9/87,11.9,0
2/10/87,15.1,0
2/11/87,10.6,0
2/12/87,13.6,22
2/13/87,12.1,0
2/14/87,16,0
2/15/87,16.8,0
2/16/87,16.6,0
2/17/87,15.6,0
2/18/87,15.2,24
2/19/87,17.7,110
2/20/87,21,4
2/21/87,13.4,0
2/22/87,10.5,0
2/23/87,9.5,0
2/24/87,12,0
2/25/87,10.4,0
2/26/87,11.5,0
2/27/87,13.2,0
2/28/87,15,0
3/1/87,14.1,0
3/2/87,12.4,0
3/3/87,13.4,0
3/4/87,12.5,0
3/5/87,14.3,0
3/6/87,17.6,0
3/7/87,10.4,0
3/8/87,9.9,0
3/9/87,10.2,44
3/10/87,11.3,0
3/11/87,9.5,104
3/12/87,11.8,6
3/13/87,11.5,0
3/14/87,10.5,0
3/15/87,10.8,0
3/16/87,13,0
3/17/87,18.5,0
3/18/87,18.7,0
3/19/87,15,0
3/20/87,13,16
3/21/87,11.3,0
3/22/87,13,0
3/23/87,13.3,0
3/24/87,11,0
3/25/87,10.3,0
3/26/87,13,0
3/27/87,12.3,0
3/28/87,15.6,0
3/29/87,10.2,0
3/30/87,10.8,0
3/31/87,12,0
4/1/87,13.3,0
4/2/87,11.7,0
4/3/87,12.5,0
4/4/87,13.7,0
4/5/87,14.9,0
4/6/87,20.2,8
4/7/87,16.3,8
4/8/87,13.9,36
4/9/87,10.1,0
4/10/87,7.3,12
4/11/87,14,0
4/12/87,17.7,0
4/13/87,16.3,0
4/14/87,10.6,0
4/15/87,9.7,0
4/16/87,7.8,0
4/17/87,10.4,138
4/18/87,10.4,16
4/19/87,14.1,66
4/20/87,7.1,50
4/21/87,8.1,0
4/22/87,7.8,12
4/23/87,10.6,0
4/24/87,9.1,10
4/25/87,9,12
4/26/87,11.9,24
4/27/87,17.1,60
4/28/87,16.8,28
4/29/87,13.5,70
4/30/87,11.6,2
5/1/87,7,0
5/2/87,9.7,52
5/3/87,9.9,4
5/4/87,11.2,0
5/5/87,11.3,0
5/6/87,11.8,0
5/7/87,9.9,0
5/8/87,7.1,60
5/9/87,9.6,94
5/10/87,9.8,42
5/11/87,10.6,10
5/12/87,12.8,0
5/13/87,16.5,0
5/14/87,11.7,0
5/15/87,12.3,0
5/16/87,12.2,0
5/17/87,11.8,48
5/18/87,10.7,30
5/19/87,10.2,2
5/20/87,10,58
5/21/87,8.3,60
5/22/87,6.6,4
5/23/87,9.5,30
5/24/87,12.3,4
5/25/87,7.6,232
5/26/87,9.3,0
5/27/87,5,0
5/28/87,4.3,0
5/29/87,6.4,0
5/30/87,10.8,2
5/31/87,7.8,0
6/1/87,8.5,6
6/2/87,9.7,0
6/3/87,10,0
6/4/87,11,4
6/5/87,10.2,0
6/6/87,6.6,0
6/7/87,6.1,0
6/8/87,5.9,0
6/9/87,8.9,2
6/10/87,13,0
6/11/87,12.6,10
6/12/87,5.4,0
6/13/87,6,0
6/14/87,7.8,0
6/15/87,9,0
6/16/87,4.2,2
6/17/87,3,0
6/18/87,4.5,0
6/19/87,6.2,66
6/20/87,11.9,12
6/21/87,11.8,100
6/22/87,9.4,20
6/23/87,9.6,2
6/24/87,9.4,0
6/25/87,7,10
6/26/87,8.9,0
6/27/87,9.3,10
6/28/87,6.8,0
6/29/87,7.5,18
6/30/87,8,26
7/1/87,8.3,0
7/2/87,2.7,0
7/3/87,3.9,108
7/4/87,4.1,32
7/5/87,5,24
7/6/87,5.8,42
7/7/87,4.4,0
7/8/87,4.1,0
7/9/87,5.8,38
7/10/87,9.1,4
7/11/87,7.9,112
7/12/87,5,58
7/13/87,2.8,0
7/14/87,4.7,0
7/15/87,8.9,0
7/16/87,5.4,0
7/17/87,7.1,2
7/18/87,9,0
7/19/87,9.4,12
7/20/87,6.3,0
7/21/87,7,8
7/22/87,6.4,0
7/23/87,6.7,0
7/24/87,1.5,164
7/25/87,2.9,22
7/26/87,4.8,106
7/27/87,6.3,18
7/28/87,5.7,0
7/29/87,7,0
7/30/87,8.8,14
7/31/87,8.7,2
8/1/87,9,2
8/2/87,9.6,10
8/3/87,8,0
8/4/87,8.4,0
8/5/87,8.1,0
8/6/87,9,0
8/7/87,5.3,0
8/8/87,8.9,0
8/9/87,8.7,0
8/10/87,4.9,0
8/11/87,7,0
8/12/87,7.5,0
8/13/87,7,0
8/14/87,9.1,0
8/15/87,11.8,0
8/16/87,9.9,36
8/17/87,5.6,100
8/18/87,4.2,22
8/19/87,4.3,18
8/20/87,8,2
8/21/87,5.1,0
8/22/87,9.4,0
8/23/87,9.1,22
8/24/87,9.7,0
8/25/87,10.6,140
8/26/87,8.6,58
8/27/87,10.1,0
8/28/87,11,2
8/29/87,9.7,0
8/30/87,5,2
8/31/87,6.1,22
9/1/87,5.4,50
9/2/87,5.8,0
9/3/87,7.3,18
9/4/87,6.3,0
9/5/87,4.8,0
9/6/87,7.6,0
9/7/87,8.1,2
9/8/87,9.5,22
9/9/87,10.3,10
9/10/87,7,0
9/11/87,9,0
9/12/87,10.2,4
9/13/87,6.8,0
9/14/87,9.3,20
9/15/87,9.8,16
9/16/87,10.7,2
9/17/87,7.8,6
9/18/87,9.2,40
9/19/87,15,54
9/20/87,7.8,28
9/21/87,5.3,0
9/22/87,9.5,0
9/23/87,7.6,20
9/24/87,14,0
9/25/87,14.9,0
9/26/87,14.9,0
9/27/87,19.2,0
9/28/87,17,32
9/29/87,13,0
9/30/87,11.2,0
10/1/87,9.5,0
10/2/87,10.3,10
10/3/87,9.3,16
10/4/87,11.3,118
10/5/87,6.5,4
10/6/87,12,36
10/7/87,8.3,0
10/8/87,8.7,30
10/9/87,8.7,4
10/10/87,10.2,0
10/11/87,6.9,2
10/12/87,4.9,0
10/13/87,10,22
10/14/87,7.6,0
10/15/87,14.5,6
10/16/87,13.2,10
10/17/87,9.9,2
10/18/87,10.1,0
10/19/87,11.3,0
10/20/87,10.4,14
10/21/87,10.9,6
10/22/87,9.2,2
10/23/87,10.5,0
10/24/87,11.4,178
10/25/87,13.5,20
10/26/87,9.8,16
10/27/87,13.1,4
10/28/87,9.7,28
10/29/87,11.4,0
10/30/87,9.9,0
10/31/87,14.4,0
11/1/87,19,10
11/2/87,23,20
11/3/87,15.4,0
11/4/87,9.6,0
11/5/87,10.8,0
11/6/87,12.1,0
11/7/87,11,88
11/8/87,12.6,0
11/9/87,14.7,0
11/10/87,11.1,0
11/11/87,10.1,0
11/12/87,11.4,38
11/13/87,13,2
11/14/87,11.9,0
11/15/87,9.5,0
11/16/87,13.5,0
11/17/87,15.2,0
11/18/87,18.4,6
11/19/87,24.1,196
11/20/87,14.1,8
11/21/87,10.7,24
11/22/87,8.7,0
11/23/87,13.3,0
11/24/87,11.6,0
11/25/87,9.9,0
11/26/87,10.8,0
11/27/87,11.5,0
11/28/87,10,2
11/29/87,13.9,0
11/30/87,13.6,0
12/1/87,11.9,0
12/2/87,11.1,0
12/3/87,8.2,0
12/4/87,9.4,0
12/5/87,12.7,0
12/6/87,11.6,0
12/7/87,11,0
12/8/87,11.3,0
12/9/87,13.4,234
12/10/87,14.9,2
12/11/87,15.2,0
12/12/87,13.9,0
12/13/87,15,44
12/14/87,16.2,146
12/15/87,17.7,4
12/16/87,20.5,10
12/17/87,14.7,0
12/18/87,12.5,226
12/19/87,10.9,24
12/20/87,12.8,0
12/21/87,12.7,10
12/22/87,11.2,0
12/23/87,11.4,0
12/24/87,11.2,2
12/25/87,12.1,0
12/26/87,12.7,0
12/27/87,16.2,0
12/28/87,14.2,0
12/29/87,14.3,0
12/30/87,13.3,0
12/31/87,16.7,0
1/1/88,15.3,0
1/2/88,14.3,4
1/3/88,13.5,0
1/4/88,15,332
1/5/88,13.6,122
1/6/88,15.2,22
1/7/88,17,20
1/8/88,18.7,0
1/9/88,16.5,0
1/10/88,17.4,0
1/11/88,18.3,0
1/12/88,18.3,0
1/13/88,22.4,0
1/14/88,21.4,0
1/15/88,20.9,0
1/16/88,17.6,0
1/17/88,15.5,0
1/18/88,16.6,0
1/19/88,16.2,0
1/20/88,15.6,0
1/21/88,14.5,0
1/22/88,14,0
1/23/88,15.6,12
1/24/88,12.3,20
1/25/88,11.6,0
1/26/88,12.6,22
1/27/88,14.9,18
1/28/88,17.3,0
1/29/88,21.4,0
1/30/88,23.4,0
1/31/88,14.4,0
2/1/88,14.1,0
2/2/88,15,0
2/3/88,14.5,0
2/4/88,15.1,0
2/5/88,13.9,0
2/6/88,13.4,0
2/7/88,9.2,0
2/8/88,12.5,0
2/9/88,15.1,0
2/10/88,12.1,2
2/11/88,14.5,0
2/12/88,16.3,0
2/13/88,16.5,0
2/14/88,14.9,0
2/15/88,13.2,0
2/16/88,11.8,2
2/17/88,13.6,0
2/18/88,16.2,0
2/19/88,14.1,0
2/20/88,13.5,0
2/21/88,15,36
2/22/88,14.8,400
2/23/88,16.2,2
2/24/88,16.2,0
2/25/88,13.3,0
2/26/88,15.3,16
2/27/88,18.4,0
2/28/88,16.2,0
2/29/88,16.3,114
3/1/88,12.4,196
3/2/88,15.6,0
3/3/88,14.9,0
3/4/88,14.8,0
3/5/88,12.7,0
3/6/88,14.2,0
3/7/88,16.8,0
3/8/88,16.7,18
3/9/88,16.2,20
3/10/88,14.5,0
3/11/88,10,0
3/12/88,12.6,0
3/13/88,11.9,8
3/14/88,11.8,0
3/15/88,13.4,0
3/16/88,14.5,0
3/17/88,15.7,0
3/18/88,15.3,0
3/19/88,13.9,54
3/20/88,13.7,0
3/21/88,15.1,6
3/22/88,15.6,0
3/23/88,14.4,0
3/24/88,13.9,0
3/25/88,16.2,0
3/26/88,16.7,0
3/27/88,15.5,0
3/28/88,16.4,16
3/29/88,17.5,76
3/30/88,18.2,14
3/31/88,16.1,94
4/1/88,16.5,6
4/2/88,14.6,0
4/3/88,16.4,0
4/4/88,13.6,0
4/5/88,15.9,0
4/6/88,11.9,0
4/7/88,14.7,32
4/8/88,9.4,2
4/9/88,6.6,24
4/10/88,7.9,0
4/11/88,11,0
4/12/88,15.7,0
4/13/88,15.2,0
4/14/88,15.9,0
4/15/88,10.6,0
4/16/88,8.3,0
4/17/88,8.6,0
4/18/88,12.7,0
4/19/88,10.5,0
4/20/88,12,20
4/21/88,11.1,0
4/22/88,13,0
4/23/88,12.4,0
4/24/88,13.3,0
4/25/88,15.9,0
4/26/88,12,0
4/27/88,13.7,0
4/28/88,17.6,12
4/29/88,14.3,66
4/30/88,13.7,24
5/1/88,15.2,0
5/2/88,14.5,0
5/3/88,14.9,40
5/4/88,15.5,0
5/5/88,16.4,2
5/6/88,14.5,14
5/7/88,12.6,0
5/8/88,13.6,0
5/9/88,11.2,0
5/10/88,11,0
5/11/88,12,0
5/12/88,6.8,0
5/13/88,10.6,38
5/14/88,13.1,170
5/15/88,13.5,20
5/16/88,11.7,396
5/17/88,13.2,8
5/18/88,12,2
5/19/88,10.4,4
5/20/88,10,2
5/21/88,8.2,0
5/22/88,9.4,0
5/23/88,10.3,0
5/24/88,8.1,0
5/25/88,8.7,68
5/26/88,12.6,12
5/27/88,10.9,34
5/28/88,8.7,26
5/29/88,9.3,2
5/30/88,6.3,14
5/31/88,7.8,0
6/1/88,10,0
6/2/88,11,0
6/3/88,11.1,0
6/4/88,12.6,2
6/5/88,10.2,0
6/6/88,11.1,0
6/7/88,8.7,2
6/8/88,9.5,0
6/9/88,9.7,0
6/10/88,8.2,6
6/11/88,5,0
6/12/88,6.5,0
6/13/88,12.1,6
6/14/88,8.9,0
6/15/88,6.1,10
6/16/88,2.8,0
6/17/88,3.7,0
6/18/88,6.8,0
6/19/88,6.6,10
6/20/88,7,244
6/21/88,7.3,88
6/22/88,7.9,62
6/23/88,10.6,22
6/24/88,8.1,30
6/25/88,6.7,2
6/26/88,8,4
6/27/88,10,12
6/28/88,6.7,10
6/29/88,9.4,2
6/30/88,9.3,0
7/1/88,6,2
7/2/88,5.8,0
7/3/88,4.9,0
7/4/88,5,0
7/5/88,8.4,0
7/6/88,12.3,0
7/7/88,13,0
7/8/88,11.4,0
7/9/88,6.8,0
7/10/88,7.6,0
7/11/88,12.4,30
7/12/88,7.1,0
7/13/88,7.5,0
7/14/88,10,4
7/15/88,5.3,42
7/16/88,6.3,70
7/17/88,8,30
7/18/88,8.3,0
7/19/88,9.3,4
7/20/88,9.5,32
7/21/88,5.6,0
7/22/88,7,0
7/23/88,8.5,0
7/24/88,8.5,0
7/25/88,8.2,0
7/26/88,8.5,0
7/27/88,9.6,0
7/28/88,9.7,0
7/29/88,7.1,230
7/30/88,8.4,228
7/31/88,9.2,16
8/1/88,9.8,2
8/2/88,8.1,6
8/3/88,9.4,46
8/4/88,10,0
8/5/88,5.1,28
8/6/88,6.7,0
8/7/88,6.9,6
8/8/88,6.8,0
8/9/88,8.6,32
8/10/88,9.1,0
8/11/88,3.9,0
8/12/88,4.8,0
8/13/88,8.4,0
8/14/88,11.6,6
8/15/88,12.1,0
8/16/88,12.4,30
8/17/88,10,10
8/18/88,10.1,0
8/19/88,9.7,0
8/20/88,11.7,12
8/21/88,7.9,0
8/22/88,8.6,0
8/23/88,7.7,8
8/24/88,5.8,24
8/25/88,8.7,4
8/26/88,10.6,0
8/27/88,6.7,8
8/28/88,8.8,2
8/29/88,9.7,0
8/30/88,9,0
8/31/88,11.8,8
9/1/88,15.2,58
9/2/88,10,6
9/3/88,10.5,12
9/4/88,5.5,2
9/5/88,9.4,0
9/6/88,8.8,0
9/7/88,5.3,0
9/8/88,13,18
9/9/88,15.2,10
9/10/88,13.2,34
9/11/88,11.5,8
9/12/88,6.8,0
9/13/88,4.7,20
9/14/88,5.2,12
9/15/88,6.8,2
9/16/88,10.7,0
9/17/88,10.1,0
9/18/88,10,0
9/19/88,9.8,0
9/20/88,5.5,42
9/21/88,13.5,0
9/22/88,16.6,0
9/23/88,8.4,0
9/24/88,8.2,0
9/25/88,11.1,0
9/26/88,10.8,0
9/27/88,8.8,0
9/28/88,10.8,0
9/29/88,8.7,114
9/30/88,12.4,42
10/1/88,9,2
10/2/88,13.5,0
10/3/88,14.7,0
10/4/88,10.9,0
10/5/88,8.5,106
10/6/88,6,0
10/7/88,12.7,10
10/8/88,11.1,2
10/9/88,8.7,0
10/10/88,12.3,0
10/11/88,13.3,0
10/12/88,5.6,22
10/13/88,13.7,6
10/14/88,8.5,0
10/15/88,11.2,0
10/16/88,8.7,26
10/17/88,11.7,102
10/18/88,12.5,34
10/19/88,8.2,78
10/20/88,15.6,0
10/21/88,10.3,0
10/22/88,11.4,0
10/23/88,9.7,0
10/24/88,6.3,0
10/25/88,14.3,0
10/26/88,11.3,0
10/27/88,7.3,0
10/28/88,12.8,0
10/29/88,11.9,0
10/30/88,14.3,0
10/31/88,11.6,0
11/1/88,13.2,0
11/2/88,15.5,0
11/3/88,14.1,0
11/4/88,9.5,8
11/5/88,7.2,0
11/6/88,11.8,2
11/7/88,16.8,0
11/8/88,12.5,0
11/9/88,9.4,456
11/10/88,11.9,20
11/11/88,10.3,74
11/12/88,16.9,0
11/13/88,17.5,0
11/14/88,7.5,0
11/15/88,8.6,0
11/16/88,11.1,0
11/17/88,11.5,2
11/18/88,10.7,0
11/19/88,15.7,0
11/20/88,12.8,94
11/21/88,13,0
11/22/88,12.9,16
11/23/88,14.3,0
11/24/88,13.7,90
11/25/88,12.1,4
11/26/88,11.9,34
11/27/88,11.8,18
11/28/88,11.4,0
11/29/88,10.3,0
11/30/88,11.7,2
12/1/88,12,88
12/2/88,17.4,460
12/3/88,16.8,56
12/4/88,16.2,0
12/5/88,13,2
12/6/88,12.5,0
12/7/88,12.4,0
12/8/88,16.1,0
12/9/88,20.2,0
12/10/88,14.3,2
12/11/88,11,0
12/12/88,14.4,0
12/13/88,15.7,0
12/14/88,19.7,0
12/15/88,20.7,0
12/16/88,23.9,0
12/17/88,16.6,0
12/18/88,17.5,0
12/19/88,14.9,0
12/20/88,13.6,0
12/21/88,11.9,0
12/22/88,15.2,0
12/23/88,17.3,0
12/24/88,19.8,42
12/25/88,15.8,10
12/26/88,9.5,8
12/27/88,12.9,0
12/28/88,12.9,176
12/29/88,14.8,2
12/30/88,14.1,0
12/31/88,,0
1/1/89,14.3,294
1/2/89,17.4,8
1/3/89,18.5,0
1/4/89,16.8,0
1/5/89,11.5,0
1/6/89,9.5,0
1/7/89,12.2,0
1/8/89,15.7,0
1/9/89,16.3,0
1/10/89,13.6,0
1/11/89,12.6,0
1/12/89,13.8,0
1/13/89,12.1,2
1/14/89,13.4,0
1/15/89,17.3,0
1/16/89,19.4,0
1/17/89,16.6,0
1/18/89,13.9,0
1/19/89,13.1,0
1/20/89,16,0
1/21/89,14.5,0
1/22/89,15,0
1/23/89,12.6,0
1/24/89,12.5,82
1/25/89,15.2,118
1/26/89,16.2,0
1/27/89,16.5,0
1/28/89,20.1,0
1/29/89,20.6,0
1/30/89,16.9,0
1/31/89,16.5,48
2/1/89,16.1,0
2/2/89,14.4,0
2/3/89,16.3,0
2/4/89,15.7,0
2/5/89,14.2,0
2/6/89,13.2,148
2/7/89,16.8,0
2/8/89,18.5,44
2/9/89,16.7,0
2/10/89,15.3,0
2/11/89,15.9,0
2/12/89,15.2,0
2/13/89,17.5,0
2/14/89,18.3,0
2/15/89,19.4,0
2/16/89,19.4,0
2/17/89,19.5,0
2/18/89,20.5,0
2/19/89,15.7,0
2/20/89,15,0
2/21/89,16.1,0
2/22/89,14.3,0
2/23/89,13,0
2/24/89,16.2,0
2/25/89,17.7,0
2/26/89,13.2,0
2/27/89,15.8,0
2/28/89,18.5,0
3/1/89,20.4,0
3/2/89,22,0
3/3/89,19.7,0
3/4/89,19.6,0
3/5/89,20.3,2
3/6/89,18.3,0
3/7/89,18.9,0
3/8/89,20.3,0
3/9/89,21.4,0
3/10/89,18.3,6
3/11/89,17.8,0
3/12/89,17.7,140
3/13/89,12.8,84
3/14/89,15.1,20
3/15/89,15,12
3/16/89,14.8,2
3/17/89,12,14
3/18/89,12.5,0
3/19/89,15,0
3/20/89,17.1,0
3/21/89,17.3,0
3/22/89,16.9,0
3/23/89,16.5,0
3/24/89,13.6,0
3/25/89,13.2,0
3/26/89,9.4,0
3/27/89,9.5,0
3/28/89,11.8,0
3/29/89,10.4,0
3/30/89,9.7,0
3/31/89,12.6,4
4/1/89,13.3,10
4/2/89,15.1,0
4/3/89,14.2,0
4/4/89,14.2,0
4/5/89,19.2,0
4/6/89,12.6,0
4/7/89,14.2,0
4/8/89,11.9,0
4/9/89,13.9,0
4/10/89,13.5,16
4/11/89,15.3,0
4/12/89,13.9,0
4/13/89,14,0
4/14/89,12.9,0
4/15/89,8.5,0
4/16/89,11.4,0
4/17/89,10.9,0
4/18/89,12,0
4/19/89,8.6,0
4/20/89,9,0
4/21/89,9.6,0
4/22/89,10.2,0
4/23/89,9.8,0
4/24/89,8.3,4
4/25/89,11,26
4/26/89,11.9,0
4/27/89,14,6
4/28/89,15.8,48
4/29/89,14.5,0
4/30/89,13.2,2
5/1/89,14.2,0
5/2/89,14.6,0
5/3/89,11.8,0
5/4/89,14.4,0
5/5/89,10.4,0
5/6/89,10.3,76
5/7/89,10.8,54
5/8/89,10.5,0
5/9/89,9.5,42
5/10/89,12.5,0
5/11/89,13.7,28
5/12/89,12.7,4
5/13/89,11.9,0
5/14/89,11.4,0
5/15/89,9.7,0
5/16/89,8.3,18
5/17/89,8.1,98
5/18/89,11.7,18
5/19/89,11.6,48
5/20/89,7.4,2
5/21/89,5.2,46
5/22/89,11,6
5/23/89,9.5,0
5/24/89,9.2,100
5/25/89,10.7,0
5/26/89,9,0
5/27/89,10.2,0
5/28/89,10.3,2
5/29/89,12.1,32
5/30/89,13.2,6
5/31/89,6.6,0
6/1/89,2.3,0
6/2/89,1.4,0
6/3/89,2.1,0
6/4/89,6.6,0
6/5/89,8.9,0
6/6/89,7.8,146
6/7/89,9,10
6/8/89,10.3,28
6/9/89,7.9,26
6/10/89,7.2,0
6/11/89,8.6,2
6/12/89,8.8,34
6/13/89,6.2,0
6/14/89,9.5,8
6/15/89,10.2,40
6/16/89,9.7,14
6/17/89,11.2,0
6/18/89,10.2,0
6/19/89,10.1,0
6/20/89,8.1,82
6/21/89,6.6,0
6/22/89,5,68
6/23/89,4.7,8
6/24/89,5.3,0
6/25/89,4.5,0
6/26/89,2.3,0
6/27/89,1.4,0
6/28/89,0.5,0
6/29/89,2.4,0
6/30/89,8,0
7/1/89,6,40
7/2/89,7.1,14
7/3/89,9.7,6
7/4/89,6.9,0
7/5/89,5.3,0
7/6/89,7,0
7/7/89,6.2,76
7/8/89,7,28
7/9/89,9.7,2
7/10/89,8,20
7/11/89,8.5,50
7/12/89,7.1,0
7/13/89,7.5,0
7/14/89,3.3,0
7/15/89,1.8,0
7/16/89,2.6,66
7/17/89,5.3,0
7/18/89,5.8,82
7/19/89,5.8,0
7/20/89,7.2,0
7/21/89,5.3,50
7/22/89,1.6,20
7/23/89,3.1,0
7/24/89,5.3,6
7/25/89,7.7,18
7/26/89,4.2,62
7/27/89,5.5,6
7/28/89,9,4
7/29/89,11.2,0
7/30/89,8,0
7/31/89,7.6,46
8/1/89,3.7,12
8/2/89,7.5,2
8/3/89,8.1,0
8/4/89,8.4,0
8/5/89,7.1,6
8/6/89,7.6,0
8/7/89,7.6,44
8/8/89,5.6,4
8/9/89,7,112
8/10/89,10.5,82
8/11/89,7.3,6
8/12/89,7.8,0
8/13/89,5.8,0
8/14/89,3.8,0
8/15/89,5.8,0
8/16/89,6.7,0
8/17/89,6.6,64
8/18/89,6.6,0
8/19/89,9,0
8/20/89,8.1,50
8/21/89,5.1,2
8/22/89,8.6,22
8/23/89,7,20
8/24/89,5.5,22
8/25/89,7.4,22
8/26/89,6.2,0
8/27/89,4.2,0
8/28/89,6.3,0
8/29/89,7,70
8/30/89,4,2
8/31/89,8,0
9/1/89,8.8,0
9/2/89,8.8,0
9/3/89,6.1,0
9/4/89,8.6,62
9/5/89,8.9,24
9/6/89,7.8,0
9/7/89,5,0
9/8/89,7,0
9/9/89,13.3,0
9/10/89,7.9,2
9/11/89,7.5,4
9/12/89,8.3,104
9/13/89,7.2,0
9/14/89,6.5,62
9/15/89,8.9,0
9/16/89,7.4,0
9/17/89,9.9,0
9/18/89,9.3,0
9/19/89,10.6,78
9/20/89,8.6,12
9/21/89,7.2,4
9/22/89,12.6,0
9/23/89,7.8,0
9/24/89,6.3,0
9/25/89,9.2,2
9/26/89,5.8,28
9/27/89,9,0
9/28/89,5,0
9/29/89,11.9,112
9/30/89,13.4,2
10/1/89,10.5,0
10/2/89,6.2,4
10/3/89,5.1,34
10/4/89,9.5,2
10/5/89,11.7,0
10/6/89,9.2,0
10/7/89,7.3,4
10/8/89,9.7,40
10/9/89,9.4,0
10/10/89,10,28
10/11/89,10.9,48
10/12/89,11,8
10/13/89,10.9,2
10/14/89,8,0
10/15/89,11.2,0
10/16/89,7.5,14
10/17/89,7.2,0
10/18/89,13.2,4
10/19/89,12.9,4
10/20/89,9.4,12
10/21/89,10.2,0
10/22/89,9.5,8
10/23/89,12.4,52
10/24/89,10.2,4
10/25/89,13.4,6
10/26/89,11.6,0
10/27/89,8,0
10/28/89,9,0
10/29/89,9.3,0
10/30/89,13.5,0
10/31/89,8,0
11/1/89,8.1,0
11/2/89,10,0
11/3/89,8.5,0
11/4/89,12.5,0
11/5/89,15,0
11/6/89,13.3,200
11/7/89,11,6
11/8/89,11.9,0
11/9/89,8.3,4
11/10/89,9.7,0
11/11/89,11.3,0
11/12/89,12.5,0
11/13/89,9.4,0
11/14/89,11.4,0
11/15/89,13.2,0
11/16/89,13.8,148
11/17/89,16,140
11/18/89,10.9,4
11/19/89,11.9,4
11/20/89,12.4,0
11/21/89,13.2,0
11/22/89,15.5,0
11/23/89,21.6,666
11/24/89,14.9,254
11/25/89,14.4,96
11/26/89,12.9,8
11/27/89,13.1,28
11/28/89,14,44
11/29/89,17.9,12
11/30/89,17.7,0
12/1/89,16.3,44
12/2/89,18.3,4
12/3/89,13.7,0
12/4/89,13.3,6
12/5/89,10.6,64
12/6/89,14.1,10
12/7/89,16,4
12/8/89,16.5,0
12/9/89,14.1,0
12/10/89,18.7,66
12/11/89,16.2,38
12/12/89,14.8,10
12/13/89,12.6,60
12/14/89,10.4,0
12/15/89,12.2,0
12/16/89,12.6,0
12/17/89,12.1,0
12/18/89,17.3,0
12/19/89,16.4,280
12/20/89,12.6,0
12/21/89,12.3,0
12/22/89,11.8,0
12/23/89,12,0
12/24/89,12.7,0
12/25/89,16.4,0
12/26/89,16,0
12/27/89,13.3,486
12/28/89,11.7,0
12/29/89,10.4,8
12/30/89,14.4,0
12/31/89,12.7,0
1/1/90,14.8,0
1/2/90,13.3,0
1/3/90,15.6,0
1/4/90,14.5,0
1/5/90,14.3,192
1/6/90,15.3,146
1/7/90,16.4,2
1/8/90,14.8,0
1/9/90,17.4,0
1/10/90,18.8,0
1/11/90,22.1,4
1/12/90,19,42
1/13/90,15.5,2
1/14/90,15.8,0
1/15/90,14.7,0
1/16/90,10.7,0
1/17/90,11.5,0
1/18/90,15,82
1/19/90,14.5,2
1/20/90,14.5,0
1/21/90,13.3,0
1/22/90,14.3,4
1/23/90,14.3,0
1/24/90,20.5,0
1/25/90,15,0
1/26/90,17.1,0
1/27/90,16.9,0
1/28/90,16.9,0
1/29/90,13.6,0
1/30/90,16.4,0
1/31/90,16.1,0
2/1/90,12,0
2/2/90,12.2,0
2/3/90,14.8,0
2/4/90,14.8,0
2/5/90,14.4,0
2/6/90,12.9,0
2/7/90,13.4,0
2/8/90,15.9,0
2/9/90,16.1,334
2/10/90,17.6,0
2/11/90,15.6,4
2/12/90,15,0
2/13/90,13,0
2/14/90,14.1,0
2/15/90,17.3,0
2/16/90,15.7,62
2/17/90,18.6,0
2/18/90,12.7,0
2/19/90,14,0
2/20/90,13.7,4
2/21/90,16.3,0
2/22/90,20,2
2/23/90,17,36
2/24/90,15.2,0
2/25/90,16.5,0
2/26/90,16.5,0
2/27/90,17.3,0
2/28/90,19.1,0
3/1/90,19.3,0
3/2/90,17.3,0
3/3/90,19,0
3/4/90,19.8,0
3/5/90,19.3,0
3/6/90,17.2,0
3/7/90,14.2,0
3/8/90,10.3,0
3/9/90,13,0
3/10/90,15.3,24
3/11/90,15,100
3/12/90,12.1,0
3/13/90,9.2,34
3/14/90,11,200
3/15/90,15,116
3/16/90,11.6,6
3/17/90,11.6,6
3/18/90,15.1,0
3/19/90,15,0
3/20/90,13.6,0
3/21/90,12.5,2
3/22/90,14.3,242
3/23/90,16,0
3/24/90,17.4,0
3/25/90,16.9,14
3/26/90,18,0
3/27/90,20.6,0
3/28/90,14.2,0
3/29/90,10.9,28
3/30/90,11.9,8
3/31/90,13.3,0
4/1/90,15.3,38
4/2/90,14.7,170
4/3/90,11,2
4/4/90,12.2,0
4/5/90,14.2,0
4/6/90,17,0
4/7/90,15.8,436
4/8/90,15.2,26
4/9/90,15.1,0
4/10/90,14.7,0
4/11/90,18.5,0
4/12/90,16.4,4
4/13/90,18.4,82
4/14/90,15.1,144
4/15/90,9.9,2
4/16/90,10.2,0
4/17/90,12.6,0
4/18/90,13.2,0
4/19/90,11.5,18
4/20/90,13.8,0
4/21/90,14.5,0
4/22/90,14.7,0
4/23/90,11.2,0
4/24/90,12.7,0
4/25/90,13.7,0
4/26/90,11.5,0
4/27/90,10.4,0
4/28/90,8.9,0
4/29/90,11.1,12
4/30/90,9.5,0
5/1/90,13,32
5/2/90,13.9,6
5/3/90,12.6,0
5/4/90,14.3,0
5/5/90,16,64
5/6/90,13.3,82
5/7/90,7,0
5/8/90,4.9,0
5/9/90,6.9,0
5/10/90,13.7,0
5/11/90,10.6,74
5/12/90,12.3,0
5/13/90,11.1,0
5/14/90,10.2,0
5/15/90,9.5,32
5/16/90,8.9,0
5/17/90,13.4,0
5/18/90,9.1,0
5/19/90,9.4,0
5/20/90,8.7,0
5/21/90,5.8,10
5/22/90,4.5,0
5/23/90,7.2,106
5/24/90,10,8
5/25/90,10.5,2
5/26/90,10.7,0
5/27/90,8.2,0
5/28/90,6.1,0
5/29/90,4.5,0
5/30/90,6.1,0
5/31/90,9.8,44
6/1/90,9.7,132
6/2/90,8.2,28
6/3/90,8.4,0
6/4/90,8.5,0
6/5/90,10.4,70
6/6/90,6.8,10
6/7/90,6,0
6/8/90,6.6,22
6/9/90,7.8,0
6/10/90,10.3,68
6/11/90,7.2,74
6/12/90,7.4,216
6/13/90,11.4,14
6/14/90,5.4,4
6/15/90,4.4,0
6/16/90,6.4,32
6/17/90,9.3,70
6/18/90,7.7,36
6/19/90,8.1,8
6/20/90,8.3,76
6/21/90,9.1,0
6/22/90,7.7,0
6/23/90,10.6,0
6/24/90,8.2,0
6/25/90,7.9,146
6/26/90,5.2,30
6/27/90,5.9,0
6/28/90,3.7,0
6/29/90,5.6,0
6/30/90,9.4,0
7/1/90,7.4,0
7/2/90,7.3,0
7/3/90,7.7,96
7/4/90,7.7,2
7/5/90,9.3,28
7/6/90,4.4,8
7/7/90,5.7,0
7/8/90,10.2,10
7/9/90,10.2,0
7/10/90,9.3,0
7/11/90,5.4,42
7/12/90,5,126
7/13/90,7.6,16
7/14/90,9.6,0
7/15/90,10.4,0
7/16/90,11.2,0
7/17/90,9.1,0
7/18/90,11.2,4
7/19/90,6.8,12
7/20/90,8.3,70
7/21/90,9.7,8
7/22/90,9.6,12
7/23/90,9.8,2
7/24/90,10.8,0
7/25/90,9.2,4
7/26/90,6.5,0
7/27/90,8.1,2
7/28/90,7.3,0
7/29/90,7.9,0
7/30/90,6,18
7/31/90,5,4
8/1/90,6.8,48
8/2/90,9.8,106
8/3/90,5.7,28
8/4/90,8.6,0
8/5/90,10.6,0
8/6/90,7.8,14
8/7/90,7.7,50
8/8/90,8.6,6
8/9/90,6.5,32
8/10/90,6.9,20
8/11/90,6.4,18
8/12/90,8.5,18
8/13/90,7.8,20
8/14/90,9.3,2
8/15/90,8.4,0
8/16/90,7.8,0
8/17/90,7.4,2
8/18/90,7.7,0
8/19/90,8.9,0
8/20/90,9.7,0
8/21/90,9.9,94
8/22/90,6.1,0
8/23/90,6.6,4
8/24/90,7.6,196
8/25/90,7.4,52
8/26/90,8,4
8/27/90,2.1,4
8/28/90,5.9,40
8/29/90,11.6,18
8/30/90,8.6,12
8/31/90,7.9,16
9/1/90,6,22
9/2/90,9.5,100
9/3/90,8.6,0
9/4/90,7.6,0
9/5/90,10.4,0
9/6/90,10.3,0
9/7/90,7.5,0
9/8/90,3,4
9/9/90,5.3,0
9/10/90,10.5,0
9/11/90,14.6,6
9/12/90,12.6,50
9/13/90,9.8,6
9/14/90,7.2,6
9/15/90,10.1,34
9/16/90,10.4,0
9/17/90,3.7,0
9/18/90,7.3,0
9/19/90,11.6,8
9/20/90,16.3,20
9/21/90,9.6,4
9/22/90,6.8,0
9/23/90,5.2,36
9/24/90,10.6,58
9/25/90,16.3,0
9/26/90,9.8,48
9/27/90,4.6,26
9/28/90,11.1,0
9/29/90,8.7,0
9/30/90,10,0
10/1/90,11.3,0
10/2/90,10.5,36
10/3/90,9.9,70
10/4/90,11,2
10/5/90,14,28
10/6/90,9.2,0
10/7/90,9.8,38
10/8/90,6,0
10/9/90,9.8,72
10/10/90,9.2,6
10/11/90,11.8,28
10/12/90,10.3,42
10/13/90,7.5,2
10/14/90,7.7,24
10/15/90,15.8,38
10/16/90,14.6,0
10/17/90,10.5,40
10/18/90,11.3,0
10/19/90,10.9,0
10/20/90,6.4,0
10/21/90,10.9,60
10/22/90,9,0
10/23/90,10.9,0
10/24/90,12.4,0
10/25/90,11.6,0
10/26/90,13.3,176
10/27/90,14.4,0
10/28/90,18.4,94
10/29/90,13.6,30
10/30/90,14.9,0
10/31/90,14.8,0
11/1/90,15.4,118
11/2/90,11.8,0
11/3/90,13,74
11/4/90,11.1,0
11/5/90,12.5,0
11/6/90,18.3,0
11/7/90,19.2,64
11/8/90,15.4,10
11/9/90,13.1,0
11/10/90,11.5,2
11/11/90,8.6,18
11/12/90,12.6,0
11/13/90,13.8,0
11/14/90,14.6,0
11/15/90,13.2,0
11/16/90,12.3,0
11/17/90,8.8,12
11/18/90,10.7,44
11/19/90,9.9,6
11/20/90,8.3,4
11/21/90,15,0
11/22/90,12.2,0
11/23/90,10.5,0
11/24/90,11.1,0
11/25/90,13,0
11/26/90,12.9,0
11/27/90,8.8,0
11/28/90,14.7,0
11/29/90,14.7,0
11/30/90,12.7,0
12/1/90,13.3,78
12/2/90,13.2,2
12/3/90,16.2,24
12/4/90,17.3,0
12/5/90,20.5,2
12/6/90,20.2,0
12/7/90,19.4,0
12/8/90,15.5,0
12/9/90,14.1,0
12/10/90,11,0
12/11/90,11.1,0
12/12/90,14,0
12/13/90,11.4,0
12/14/90,12.5,0
12/15/90,13.4,692
12/16/90,13.6,40
12/17/90,13.9,14
12/18/90,17.2,0
12/19/90,14.7,0
12/20/90,15.4,0
12/21/90,13.1,18
12/22/90,13.2,0
12/23/90,13.9,0
12/24/90,10,0
12/25/90,12.9,0
12/26/90,14.6,0
12/27/90,14,46
12/28/90,13.6,12
12/29/90,13.5,38
12/30/90,15.7,0
12/31/90,13,0